,x,y,target
0,8.980793952941895,-20.114442825317383,1.0
1,-5.499151229858398,22.11879539489746,-1.0
2,-2.9069957733154297,-16.84164047241211,-1.0
3,7.257857322692871,7.307078838348389,-1.0
4,11.064096450805664,4.878584861755371,-1.0
5,5.956066608428955,16.464332580566406,-1.0
6,7.79487419128418,-0.8739550709724426,1.0
7,12.921463012695312,29.83945655822754,1.0
8,-26.625774383544922,-21.78618812561035,-1.0
9,15.587764739990234,19.89531898498535,-1.0
10,-28.086196899414062,-20.762704849243164,1.0
11,14.888019561767578,23.387880325317383,-1.0
12,-15.97158145904541,-12.898643493652344,-1.0
13,2.1051950454711914,-16.197467803955078,-1.0
14,-12.98404598236084,-3.1719276905059814,-1.0
15,-26.414806365966797,-18.487998962402344,1.0
16,6.866114139556885,-5.124507904052734,-1.0
17,-18.64180564880371,-1.0398180484771729,1.0
18,-15.02733325958252,-25.946535110473633,1.0
19,-2.6653261184692383,-25.47056007385254,1.0
20,-23.87045669555664,5.680410385131836,1.0
21,4.51216459274292,-27.131656646728516,1.0
22,13.196499824523926,-10.411788940429688,1.0
23,-22.120439529418945,2.7130048274993896,1.0
24,-8.787932395935059,-7.101635932922363,-1.0
25,-18.194175720214844,-21.01864242553711,-1.0
26,27.760007858276367,19.73118019104004,1.0
27,26.015914916992188,2.7480392456054688,1.0
28,14.772259712219238,-10.988085746765137,1.0
29,20.182588577270508,17.402795791625977,1.0
30,14.562376976013184,17.51158905029297,1.0
31,13.203527450561523,29.3700008392334,1.0
32,4.082046985626221,15.797316551208496,-1.0
33,-24.542682647705078,-1.9377026557922363,1.0
34,17.49363136291504,32.75191116333008,1.0
35,-3.5490639209747314,7.33612060546875,1.0
36,-3.5227582454681396,-16.36116600036621,1.0
37,-21.654848098754883,8.0187406539917,1.0
38,-11.720306396484375,-1.2269725799560547,1.0
39,-18.413347244262695,-21.149991989135742,1.0
40,15.692910194396973,10.95226764678955,1.0
41,-16.464723587036133,11.81814956665039,-1.0
42,0.7347317337989807,21.689306259155273,-1.0
43,-3.3614003658294678,-20.038366317749023,-1.0
44,-27.93077278137207,-0.7863463759422302,1.0
45,-5.033763408660889,-11.68896198272705,1.0
46,23.154027938842773,10.470621109008789,1.0
47,7.056101322174072,18.04119873046875,-1.0
48,19.481555938720703,29.493131637573242,1.0
49,-7.816470146179199,-22.342172622680664,-1.0
50,-2.219940423965454,2.8988699913024902,1.0
51,20.37160873413086,-4.085795879364014,-1.0
52,-14.515899658203125,1.2213757038116455,-1.0
53,-15.388762474060059,7.3286614418029785,-1.0
54,-14.624466896057129,-25.83216094970703,-1.0
55,12.815908432006836,0.11503668874502182,1.0
56,-11.403157234191895,-13.02097225189209,-1.0
57,16.542692184448242,30.58502197265625,1.0
58,3.48049259185791,-15.50557804107666,1.0
59,26.411006927490234,-6.799528121948242,-1.0
60,0.5104077458381653,-9.288395881652832,-1.0
61,-26.462778091430664,-24.833003997802734,-1.0
62,22.141496658325195,9.760214805603027,-1.0
63,-2.174715518951416,-2.1850786209106445,-1.0
64,-18.574628829956055,-12.662837028503418,1.0
65,-20.907297134399414,-21.230222702026367,-1.0
66,-16.082820892333984,4.018259048461914,-1.0
67,-1.4275087118148804,-3.0862340927124023,-1.0
68,13.106290817260742,25.84603500366211,1.0
69,-17.322084426879883,-16.812650680541992,1.0
70,-10.057623863220215,7.149411201477051,-1.0
71,-28.402570724487305,-7.196793556213379,1.0
72,-17.57489776611328,-13.22024917602539,-1.0
73,-19.453350067138672,2.6274919509887695,1.0
74,13.738966941833496,0.6850062608718872,-1.0
75,9.738602638244629,-1.1516735553741455,-1.0
76,-2.057025909423828,-29.85238265991211,1.0
77,-1.543990135192871,10.43868637084961,-1.0
78,-15.357828140258789,14.836540222167969,1.0
79,8.984536170959473,16.380659103393555,-1.0
80,0.9911146759986877,27.379077911376953,-1.0
81,11.25883674621582,0.9528734683990479,1.0
82,19.270751953125,3.305237054824829,-1.0
83,10.797441482543945,23.041824340820312,1.0
84,-6.065125942230225,-14.07861614227295,1.0
85,-26.35259437561035,-0.35067078471183777,1.0
86,-25.588424682617188,-13.499252319335938,1.0
87,-21.40366554260254,-16.683822631835938,-1.0
88,-6.968685626983643,4.635917663574219,-1.0
89,-4.255906105041504,-8.523994445800781,-1.0
90,9.811644554138184,21.917278289794922,-1.0
91,-19.51471519470215,-4.2429890632629395,-1.0
92,16.52104949951172,-11.785931587219238,-1.0
93,-19.50899314880371,-2.0297658443450928,1.0
94,14.567343711853027,1.1898707151412964,-1.0
95,-19.28955078125,-6.066152095794678,-1.0
96,-7.817534923553467,-13.174314498901367,-1.0
97,22.75251579284668,25.276460647583008,1.0
98,18.2093505859375,-13.761375427246094,-1.0
99,15.336021423339844,-2.404470920562744,-1.0
100,10.544585227966309,25.227689743041992,1.0
101,4.260350704193115,-3.6054775714874268,-1.0
102,-4.8450446128845215,8.860006332397461,-1.0
103,-17.910064697265625,-15.948079109191895,1.0
104,-25.368375778198242,-2.544898271560669,1.0
105,-9.35592269897461,-15.114075660705566,1.0
106,0.37776798009872437,22.86243438720703,1.0
107,-21.442611694335938,-14.351454734802246,-1.0
108,-11.752613067626953,-11.173893928527832,1.0
109,21.5167236328125,-8.116911888122559,1.0
110,-15.122882843017578,-1.2591876983642578,-1.0
111,16.607725143432617,-3.0442845821380615,-1.0
112,-11.35859203338623,-29.747568130493164,1.0
113,26.290037155151367,25.17151641845703,1.0
114,-2.538017511367798,3.4284780025482178,1.0
115,-21.978784561157227,-0.4269842207431793,1.0
116,-18.06905174255371,-11.060513496398926,-1.0
117,-21.639381408691406,-5.5500311851501465,-1.0
118,-26.65256690979004,9.519108772277832,1.0
119,8.253643989562988,26.467601776123047,-1.0
120,-0.9554586410522461,-12.13184642791748,-1.0
121,-20.532989501953125,4.9712300300598145,1.0
122,1.451090693473816,18.108049392700195,-1.0
123,13.49640941619873,-20.30706787109375,1.0
124,15.040862083435059,12.391304016113281,1.0
125,19.866025924682617,1.1329963207244873,-1.0
126,-9.982933044433594,0.539630651473999,-1.0
127,-18.619827270507812,-21.75233268737793,1.0
128,-21.389163970947266,1.4205182790756226,1.0
129,-21.382102966308594,-10.509016036987305,-1.0
130,-17.155393600463867,0.4571152925491333,1.0
131,17.446460723876953,5.812291145324707,-1.0
132,-13.867375373840332,-0.7225770950317383,-1.0
133,16.897157669067383,11.101079940795898,1.0
134,3.850264310836792,29.803050994873047,-1.0
135,-18.606054306030273,-18.396503448486328,-1.0
136,-12.730794906616211,-7.499218463897705,-1.0
137,19.448949813842773,3.249580144882202,-1.0
138,5.578779220581055,25.41325569152832,1.0
139,-15.17451286315918,3.266000747680664,-1.0
140,-8.615649223327637,4.28590202331543,-1.0
141,15.511155128479004,5.354008674621582,-1.0
142,-20.3198299407959,-3.8462421894073486,1.0
143,19.024831771850586,5.651023864746094,-1.0
144,15.006065368652344,23.281593322753906,1.0
145,22.174726486206055,-16.2598819732666,-1.0
146,0.778687596321106,29.57893180847168,-1.0
147,-17.49507713317871,-18.776451110839844,-1.0
148,12.52783489227295,-16.4768123626709,-1.0
149,17.584869384765625,-1.4830946922302246,1.0
150,-9.601323127746582,-9.947407722473145,-1.0
151,-16.535219192504883,7.425717353820801,1.0
152,25.2067928314209,-7.303083419799805,-1.0
153,11.316018104553223,-12.01282787322998,1.0
154,16.366714477539062,12.605305671691895,1.0
155,14.317261695861816,2.3003201484680176,-1.0
156,17.783998489379883,-17.93245506286621,1.0
157,-23.909494400024414,-7.141103744506836,1.0
158,17.396678924560547,6.929435729980469,-1.0
159,16.31041145324707,16.16494369506836,1.0
160,-1.9808992147445679,-14.00589370727539,-1.0
161,15.79029369354248,1.9004168510437012,1.0
162,-6.384877681732178,6.521111488342285,-1.0
163,28.523693084716797,18.897621154785156,1.0
164,-11.827505111694336,-21.267934799194336,1.0
165,8.888081550598145,-23.019012451171875,1.0
166,15.284195899963379,-6.381052494049072,1.0
167,15.137728691101074,3.3078160285949707,1.0
168,7.129331588745117,17.754194259643555,1.0
169,-3.7200777530670166,-26.14038848876953,-1.0
170,17.943424224853516,17.511558532714844,-1.0
171,24.440750122070312,17.544795989990234,1.0
172,-3.17763090133667,20.08442497253418,1.0
173,-24.57632827758789,1.5480167865753174,1.0
174,13.443986892700195,-11.62529468536377,1.0
175,10.57697582244873,-11.772961616516113,1.0
176,-11.522997856140137,-4.949455738067627,1.0
177,22.89663314819336,23.88111114501953,1.0
178,20.412315368652344,-13.275739669799805,-1.0
179,-25.07395362854004,2.739614248275757,1.0
180,-0.5133289098739624,20.82418441772461,1.0
181,24.648725509643555,-13.579700469970703,-1.0
182,16.260839462280273,-13.747777938842773,1.0
183,15.259202003479004,18.161203384399414,1.0
184,1.0905498266220093,6.0804033279418945,-1.0
185,21.975309371948242,-6.172893524169922,-1.0
186,21.600191116333008,22.079017639160156,1.0
187,10.154182434082031,29.452274322509766,-1.0
188,14.69207763671875,8.534379959106445,1.0
189,1.6685523986816406,0.8716893196105957,-1.0
190,-10.72612190246582,-20.191144943237305,-1.0
191,-15.39421272277832,-15.86290454864502,-1.0
192,-13.779886245727539,10.201273918151855,-1.0
193,10.44352912902832,4.869334697723389,-1.0
194,-3.208782434463501,23.551307678222656,-1.0
195,25.0151309967041,-9.994019508361816,-1.0
196,10.667091369628906,10.144281387329102,1.0
197,-19.715877532958984,1.0924876928329468,1.0
198,-6.5701189041137695,-24.672483444213867,-1.0
199,-6.9074015617370605,16.580793380737305,-1.0
200,-7.207268714904785,-0.5216009616851807,-1.0
201,19.88451385498047,-14.12998104095459,-1.0
202,6.632568836212158,28.196962356567383,-1.0
203,11.884090423583984,10.092703819274902,1.0
204,-0.28209853172302246,19.102636337280273,-1.0
205,8.56627368927002,12.437093734741211,1.0
206,15.225680351257324,1.1205862760543823,-1.0
207,7.598114967346191,-25.154054641723633,1.0
208,-16.77220916748047,-7.263267993927002,1.0
209,11.628363609313965,7.785246849060059,1.0
210,-25.789350509643555,-21.635862350463867,-1.0
211,-9.78594970703125,-1.9678452014923096,-1.0
212,-23.946762084960938,-18.36262321472168,1.0
213,7.056417465209961,3.9240541458129883,-1.0
214,-12.0690279006958,1.1117892265319824,-1.0
215,-0.5357683300971985,27.432510375976562,-1.0
216,-19.209243774414062,-17.677112579345703,1.0
217,-4.105007171630859,5.6466755867004395,1.0
218,23.994956970214844,18.63901138305664,1.0
219,3.519719362258911,20.187679290771484,-1.0
220,8.938506126403809,28.098180770874023,-1.0
221,-6.849056243896484,3.7236366271972656,1.0
222,11.388598442077637,-8.77573299407959,-1.0
223,-25.244951248168945,-15.723054885864258,1.0
224,25.183732986450195,23.547880172729492,1.0
225,16.213455200195312,-12.583060264587402,-1.0
226,-3.47735857963562,-16.26527976989746,1.0
227,21.80961036682129,-6.44802713394165,1.0
228,5.287504196166992,22.00475311279297,-1.0
229,-3.9243297576904297,0.7601687908172607,1.0
230,14.54886531829834,26.418521881103516,-1.0
231,19.817609786987305,-0.6609362363815308,1.0
232,-2.337155342102051,6.618000030517578,1.0
233,-16.35734748840332,0.17995989322662354,1.0
234,-1.8711689710617065,-25.903600692749023,1.0
235,-16.863107681274414,11.782032012939453,-1.0
236,-20.96593475341797,2.758610725402832,1.0
237,18.428916931152344,29.761716842651367,1.0
238,5.700984954833984,24.078840255737305,-1.0
239,-1.8210344314575195,26.68047523498535,-1.0
240,-19.388120651245117,-13.359440803527832,-1.0
241,15.31650447845459,24.03871726989746,1.0
242,-24.116159439086914,1.337303876876831,1.0
243,25.57634925842285,17.08729362487793,-1.0
244,-19.241392135620117,-23.416526794433594,1.0
245,19.64531707763672,10.500469207763672,1.0
246,-21.522790908813477,-25.290122985839844,-1.0
247,-7.087666034698486,-29.031129837036133,1.0
248,-26.068037033081055,5.2092461585998535,1.0
249,-3.2814388275146484,14.017918586730957,1.0
250,-16.69489860534668,-1.8686134815216064,1.0
251,20.280868530273438,14.407526016235352,1.0
252,0.8041883707046509,15.51802921295166,-1.0
253,28.368682861328125,2.9341845512390137,-1.0
254,-21.55355453491211,-20.26664924621582,-1.0
255,-12.562660217285156,-24.00872039794922,1.0
256,-3.7898871898651123,-21.479528427124023,-1.0
257,17.282180786132812,-1.5420901775360107,-1.0
258,-13.354507446289062,-18.03799057006836,1.0
259,23.824249267578125,-10.055654525756836,-1.0
260,17.00640296936035,19.46626091003418,-1.0
261,11.18911075592041,-18.086423873901367,-1.0
262,-18.255897521972656,-23.715307235717773,1.0
263,-13.822205543518066,-18.655540466308594,-1.0
264,-20.385835647583008,-16.02408218383789,1.0
265,19.677061080932617,4.348629951477051,-1.0
266,-2.2800726890563965,-7.710384368896484,-1.0
267,17.818870544433594,-17.858064651489258,1.0
268,7.568543910980225,4.761819362640381,1.0
269,17.221906661987305,-8.727179527282715,1.0
270,-18.230880737304688,-6.982474327087402,-1.0
271,-15.789185523986816,12.585921287536621,-1.0
272,0.11742512136697769,-6.988157272338867,-1.0
273,18.084814071655273,19.098360061645508,-1.0
274,24.224977493286133,23.76482391357422,1.0
275,8.150205612182617,-18.499685287475586,1.0
276,5.061910152435303,-20.923259735107422,-1.0
277,0.7932219505310059,-12.850153923034668,-1.0
278,11.996756553649902,-15.761170387268066,-1.0
279,6.626267910003662,26.5362491607666,-1.0
280,-29.19720458984375,-20.709728240966797,1.0
281,-10.136865615844727,-0.12166048586368561,-1.0
282,19.779525756835938,-2.4096310138702393,-1.0
283,-0.6284363865852356,-11.716387748718262,-1.0
284,-27.599267959594727,6.969598770141602,1.0
285,15.154605865478516,26.40228271484375,-1.0
286,22.885452270507812,29.729549407958984,1.0
287,-18.195621490478516,3.988762855529785,-1.0
288,23.276607513427734,7.562826156616211,1.0
289,-4.26670503616333,-20.069265365600586,-1.0
290,4.887400150299072,-3.6628763675689697,-1.0
291,17.289934158325195,2.377009630203247,-1.0
292,-5.481132507324219,-6.748523712158203,-1.0
293,7.870034217834473,-23.02835464477539,1.0
294,-6.8987321853637695,20.61697769165039,-1.0
295,6.385839462280273,-22.18259048461914,1.0
296,0.6480215787887573,-14.450201034545898,1.0
297,-24.832073211669922,12.964987754821777,1.0
298,22.890724182128906,0.6078445315361023,1.0
299,10.780004501342773,4.4620513916015625,-1.0
300,-13.2546968460083,0.446252703666687,-1.0
301,2.320735216140747,-10.628202438354492,-1.0
302,1.8789927959442139,8.588224411010742,1.0
303,-15.471407890319824,-3.747650384902954,1.0
304,-18.319622039794922,-5.415778160095215,-1.0
305,-23.036277770996094,-0.7538486123085022,1.0
306,24.237329483032227,-0.4464215636253357,-1.0
307,-17.629802703857422,-8.772204399108887,-1.0
308,8.017426490783691,18.013639450073242,-1.0
309,-9.42269515991211,-26.073331832885742,-1.0
310,8.19501781463623,26.482362747192383,-1.0
311,20.96617889404297,16.295333862304688,1.0
312,0.7498635053634644,15.316259384155273,-1.0
313,21.3491153717041,6.431623458862305,-1.0
314,-3.3938956260681152,7.316040992736816,-1.0
315,4.4410295486450195,30.01262664794922,-1.0
316,15.63656234741211,24.802318572998047,-1.0
317,25.982229232788086,-7.244320869445801,-1.0
318,-22.251543045043945,13.113611221313477,1.0
319,28.875940322875977,0.3957030177116394,-1.0
320,-25.941736221313477,-12.418177604675293,1.0
321,7.13414192199707,-15.886953353881836,1.0
322,-3.794804334640503,-17.150667190551758,1.0
323,13.649819374084473,21.300554275512695,-1.0
324,-1.8804911375045776,-28.340011596679688,1.0
325,10.917882919311523,-3.5054028034210205,1.0
326,15.642404556274414,-7.129998683929443,1.0
327,16.33648109436035,28.274099349975586,1.0
328,23.543214797973633,22.482675552368164,1.0
329,10.22367000579834,-16.737613677978516,1.0
330,-4.259284973144531,-5.020960330963135,-1.0
331,12.227982521057129,-18.943849563598633,-1.0
332,16.469070434570312,3.7386889457702637,-1.0
333,-11.175485610961914,7.486067295074463,1.0
334,-28.334535598754883,-14.608726501464844,1.0
335,7.273554801940918,-16.909194946289062,1.0
336,-20.458871841430664,9.879732131958008,-1.0
337,-17.665508270263672,-1.1670937538146973,1.0
338,18.869285583496094,-15.674402236938477,-1.0
339,-24.16814422607422,8.669733047485352,1.0
340,-27.44009780883789,5.184159755706787,1.0
341,-6.936898708343506,-3.482694387435913,-1.0
342,17.270465850830078,24.682268142700195,1.0
343,-10.057480812072754,-6.957366943359375,-1.0
344,20.021102905273438,21.187057495117188,1.0
345,-8.105036735534668,3.0043787956237793,1.0
346,-23.37967872619629,-2.320807456970215,1.0
347,-18.991464614868164,-19.248231887817383,-1.0
348,-1.0118577480316162,17.12696075439453,-1.0
349,15.649225234985352,7.282472610473633,1.0
350,-27.552356719970703,7.081933498382568,1.0
351,-22.817142486572266,-20.324140548706055,1.0
352,2.7573163509368896,11.336557388305664,-1.0
353,24.075763702392578,10.884634971618652,1.0
354,11.02283763885498,-18.25374412536621,-1.0
355,21.940902709960938,-13.793092727661133,-1.0
356,7.4503092765808105,4.721978187561035,1.0
357,17.975040435791016,23.64333724975586,-1.0
358,-20.23293685913086,-27.841636657714844,-1.0
359,-13.01910400390625,-3.1848397254943848,1.0
360,0.6238076686859131,18.51659393310547,-1.0
361,0.29406648874282837,-18.998376846313477,-1.0
362,-19.242565155029297,-4.2982497215271,-1.0
363,-14.534750938415527,8.724113464355469,-1.0
364,-5.329606056213379,-16.330535888671875,1.0
365,-26.886869430541992,-19.398998260498047,1.0
366,10.17559814453125,0.6575160622596741,-1.0
367,2.663726806640625,14.046902656555176,1.0
368,-26.13340187072754,0.13354791700839996,1.0
369,17.550922393798828,0.8073698878288269,-1.0
370,-17.61699867248535,-3.9833993911743164,1.0
371,17.53289031982422,0.8173384666442871,-1.0
372,-12.4658842086792,14.670111656188965,1.0
373,-15.475190162658691,10.490426063537598,-1.0
374,-14.226325988769531,-14.00408935546875,1.0
375,-27.451797485351562,-18.60713768005371,1.0
376,-19.356435775756836,6.698779582977295,-1.0
377,-2.408972978591919,19.31874656677246,-1.0
378,16.710107803344727,23.169742584228516,-1.0
379,23.28325080871582,-6.544640064239502,-1.0
380,-24.97547149658203,6.891879081726074,1.0
381,9.21160888671875,25.50536346435547,-1.0
382,-3.516730308532715,-28.945587158203125,1.0
383,24.699831008911133,4.065136432647705,-1.0
384,-1.0879321098327637,21.570417404174805,-1.0
385,-6.175359725952148,23.454669952392578,1.0
386,-7.869029521942139,-25.823026657104492,-1.0
387,-14.025675773620605,-14.4566011428833,-1.0
388,26.305749893188477,-12.150260925292969,-1.0
389,1.1319364309310913,-5.6493449211120605,-1.0
390,16.74365234375,33.36320495605469,1.0
391,22.11937141418457,-14.844807624816895,-1.0
392,23.76605987548828,23.572982788085938,1.0
393,-20.201866149902344,-4.504706859588623,-1.0
394,-1.169511318206787,-16.2247314453125,1.0
395,10.006440162658691,-5.657576084136963,-1.0
396,19.321863174438477,13.543224334716797,1.0
397,25.02008819580078,25.22840118408203,1.0
398,17.857942581176758,20.804420471191406,1.0
399,27.588726043701172,24.046363830566406,1.0
400,17.713136672973633,5.523292541503906,-1.0
401,7.197052001953125,28.507368087768555,-1.0
402,-2.3207509517669678,4.894635200500488,-1.0
403,13.1379976272583,-11.311951637268066,1.0
404,-6.2584357261657715,21.526880264282227,-1.0
405,-3.6526386737823486,-24.601823806762695,-1.0
406,-4.532393455505371,6.969357967376709,-1.0
407,25.780521392822266,19.817230224609375,1.0
408,-20.499345779418945,6.571467399597168,1.0
409,1.3001453876495361,19.709083557128906,-1.0
410,-19.88646125793457,-1.5572184324264526,1.0
411,-23.8373966217041,-21.065195083618164,-1.0
412,-25.004364013671875,1.3405485153198242,1.0
413,-2.2945735454559326,-3.695222854614258,-1.0
414,19.280614852905273,28.595003128051758,1.0
415,-13.60168170928955,-24.600168228149414,1.0
416,19.93355941772461,20.88361358642578,-1.0
417,-0.7445321083068848,-17.46860122680664,1.0
418,1.5550938844680786,-26.454612731933594,1.0
419,20.904560089111328,24.460693359375,1.0
420,-7.800945281982422,-15.727429389953613,-1.0
421,2.451112985610962,-28.813385009765625,1.0
422,11.885973930358887,1.8863142728805542,-1.0
423,27.252574920654297,-5.43874454498291,-1.0
424,-6.498555660247803,-9.434825897216797,1.0
425,-3.1587157249450684,-15.525903701782227,1.0
426,8.550369262695312,1.2833865880966187,-1.0
427,-19.29303550720215,-22.187673568725586,-1.0
428,-6.1824259757995605,-28.999492645263672,-1.0
429,12.569486618041992,12.171895980834961,1.0
430,14.199109077453613,-1.9315273761749268,-1.0
431,22.741426467895508,28.444705963134766,1.0
432,9.762537956237793,-28.734472274780273,-1.0
433,-7.946435451507568,-7.679185390472412,-1.0
434,-1.8242884874343872,-20.073942184448242,1.0
435,-7.939977169036865,2.318699836730957,1.0
436,27.94445037841797,12.272455215454102,1.0
437,20.838171005249023,-9.552781105041504,-1.0
438,-27.961647033691406,4.057799339294434,1.0
439,12.021492958068848,29.053699493408203,1.0
440,-20.009565353393555,-24.035749435424805,1.0
441,-7.511557579040527,-24.1405029296875,1.0
442,23.187034606933594,10.218347549438477,1.0
443,-1.7299504280090332,-23.002628326416016,-1.0
444,9.832601547241211,2.9187674522399902,-1.0
445,2.2054572105407715,-13.750162124633789,-1.0
446,-3.436513662338257,2.9048614501953125,1.0
447,-3.9466392993927,9.184320449829102,-1.0
448,12.950672149658203,-10.190715789794922,-1.0
449,-27.3990421295166,-21.83877944946289,-1.0
450,11.122434616088867,27.230661392211914,-1.0
451,-4.538450241088867,-28.116575241088867,1.0
452,12.059464454650879,24.81458282470703,-1.0
453,-3.2931485176086426,16.571096420288086,1.0
454,-2.0233702659606934,-26.55476951599121,1.0
455,-7.931082725524902,-24.1362361907959,-1.0
456,-4.511537075042725,-17.420833587646484,1.0
457,-25.774795532226562,2.3066744804382324,1.0
458,14.916231155395508,30.227489471435547,1.0
459,-19.65850257873535,8.529763221740723,-1.0
460,-0.27747297286987305,-15.549788475036621,-1.0
461,23.69293212890625,25.558074951171875,1.0
462,-23.995206832885742,-17.61259651184082,1.0
463,-7.958944797515869,-16.866195678710938,1.0
464,19.348724365234375,22.36283302307129,1.0
465,19.767942428588867,-9.395777702331543,1.0
466,-13.741352081298828,-21.903644561767578,1.0
467,21.58892059326172,18.825244903564453,1.0
468,12.301294326782227,22.065153121948242,1.0
469,-1.7110096216201782,22.874013900756836,1.0
470,-7.804647445678711,0.5166398882865906,-1.0
471,16.743392944335938,31.38081169128418,1.0
472,4.561649322509766,-19.536333084106445,-1.0
473,-12.32790756225586,15.261898040771484,1.0
474,-22.28045082092285,-23.633872985839844,-1.0
475,18.351621627807617,3.1338701248168945,-1.0
476,13.865747451782227,33.28824996948242,1.0
477,0.47733360528945923,23.431238174438477,-1.0
478,21.76202392578125,9.653048515319824,-1.0
479,10.148017883300781,7.986161708831787,1.0
480,-21.75605010986328,-6.876923084259033,-1.0
481,18.80443572998047,15.888290405273438,1.0
482,1.700505256652832,-25.533796310424805,1.0
483,-12.330705642700195,-18.078664779663086,-1.0
484,-5.067146301269531,10.282690048217773,-1.0
485,4.37664270401001,-11.716387748718262,-1.0
486,17.688108444213867,-11.463040351867676,-1.0
487,-9.32494068145752,-21.422733306884766,-1.0
488,-26.842544555664062,-17.8422908782959,1.0
489,-4.046482086181641,-16.094331741333008,1.0
490,14.996140480041504,3.5392379760742188,1.0
491,-2.72162127494812,20.35671615600586,-1.0
492,9.217608451843262,22.793241500854492,-1.0
493,-8.834334373474121,-24.512325286865234,-1.0
494,-23.961044311523438,-22.086442947387695,-1.0
495,-3.886090040206909,-10.129055976867676,-1.0
496,-4.66031551361084,5.9052653312683105,1.0
497,10.611327171325684,9.550409317016602,1.0
498,-25.277441024780273,-0.8054578900337219,1.0
499,-14.615547180175781,-9.724291801452637,1.0
500,-3.6999623775482178,6.247018337249756,1.0
501,-9.29808521270752,2.922926187515259,-1.0
502,-7.1625213623046875,-21.999679565429688,-1.0
503,13.230926513671875,-13.21643352508545,1.0
504,-0.5727745294570923,23.793895721435547,-1.0
505,16.07944107055664,9.406185150146484,1.0
506,-3.1793830394744873,-22.77739715576172,-1.0
507,2.1747097969055176,-11.110523223876953,-1.0
508,13.945330619812012,-1.7364747524261475,-1.0
509,-15.538158416748047,10.39370059967041,-1.0
510,-3.7173120975494385,-17.791494369506836,1.0
511,-0.22558221220970154,-14.322845458984375,-1.0
512,-1.7387404441833496,-5.213038921356201,-1.0
513,21.32526206970215,5.477540969848633,-1.0
514,1.0937622785568237,-18.17055320739746,-1.0
515,2.0444345474243164,-11.395888328552246,-1.0
516,23.77231216430664,18.743650436401367,1.0
517,15.985600471496582,5.141513347625732,-1.0
518,9.73847770690918,2.339052200317383,-1.0
519,19.250972747802734,11.022238731384277,1.0
520,-5.586204528808594,-2.782916307449341,-1.0
521,24.067481994628906,8.351506233215332,1.0
522,22.44772720336914,28.756378173828125,1.0
523,5.1494059562683105,30.328758239746094,-1.0
524,-30.011619567871094,2.306976556777954,-1.0
525,-20.213443756103516,8.455102920532227,-1.0
526,-5.158036231994629,23.408300399780273,-1.0
527,5.322770118713379,-12.31950569152832,1.0
528,-14.292703628540039,-12.904685020446777,-1.0
529,-12.752521514892578,22.758790969848633,-1.0
530,-3.0329253673553467,0.06843482702970505,1.0
531,11.829513549804688,6.720580577850342,-1.0
532,14.99072265625,-16.85901641845703,1.0
533,3.048368215560913,-14.130428314208984,1.0
534,15.346467971801758,31.709514617919922,1.0
535,18.512704849243164,24.275930404663086,-1.0
536,-14.379493713378906,-9.834222793579102,-1.0
537,4.051145076751709,21.774438858032227,-1.0
538,-2.0432369709014893,-1.1382392644882202,-1.0
539,7.624828338623047,28.61207389831543,-1.0
540,-5.866720199584961,-15.850519180297852,-1.0
541,-9.998342514038086,5.083812236785889,-1.0
542,-24.644372940063477,3.8611886501312256,1.0
543,-24.305709838867188,-23.913679122924805,-1.0
544,-28.382322311401367,4.030293941497803,1.0
545,19.623685836791992,14.850852966308594,1.0
546,21.771793365478516,11.514899253845215,-1.0
547,17.01719856262207,9.738297462463379,1.0
548,-14.56041431427002,5.066075801849365,-1.0
549,-22.922607421875,4.2922186851501465,1.0
550,25.52802085876465,19.21356201171875,1.0
551,0.8807081580162048,-7.8698859214782715,1.0
552,11.368915557861328,11.255796432495117,1.0
553,21.82827377319336,24.897037506103516,1.0
554,-0.8553014397621155,-8.820435523986816,-1.0
555,-20.767627716064453,-24.207033157348633,1.0
556,-8.915472984313965,6.182001113891602,-1.0
557,14.029033660888672,-8.783201217651367,-1.0
558,14.882147789001465,10.314347267150879,1.0
559,-13.892623901367188,-10.025822639465332,1.0
560,14.887124061584473,-0.20974063873291016,-1.0
561,-7.397660732269287,-19.108871459960938,-1.0
562,-5.024416446685791,21.75057601928711,-1.0
563,10.690092086791992,18.803192138671875,-1.0
564,-28.688901901245117,-11.9301176071167,1.0
565,16.174728393554688,-7.3993988037109375,1.0
566,-27.759777069091797,-14.725131034851074,1.0
567,-17.56023597717285,-19.45314598083496,1.0
568,-15.510086059570312,-15.667767524719238,1.0
569,20.201143264770508,-5.821671009063721,-1.0
570,-17.232603073120117,2.463374137878418,1.0
571,5.4645161628723145,1.891690731048584,-1.0
572,-20.686927795410156,10.897103309631348,-1.0
573,-8.512024879455566,-4.485101699829102,-1.0
574,-15.25830078125,-24.029706954956055,1.0
575,17.500743865966797,30.237953186035156,1.0
576,15.302194595336914,16.481943130493164,1.0
577,13.311906814575195,-23.787384033203125,-1.0
578,-7.764116287231445,-22.633930206298828,-1.0
579,20.43243408203125,0.08117685467004776,1.0
580,-20.202030181884766,-21.93597412109375,-1.0
581,-24.123865127563477,-4.2153449058532715,1.0
582,-1.1286367177963257,-29.112510681152344,1.0
583,-1.995348572731018,0.5236431956291199,1.0
584,-15.722746849060059,-14.634454727172852,-1.0
585,-4.942677021026611,8.03882884979248,-1.0
586,-18.813030242919922,-9.409632682800293,-1.0
587,12.223221778869629,4.795536994934082,-1.0
588,-5.200588226318359,24.49257469177246,-1.0
589,12.449577331542969,11.949833869934082,1.0
590,10.064423561096191,-10.088282585144043,1.0
591,9.112262725830078,0.7761356234550476,-1.0
592,-5.875662803649902,18.94371223449707,-1.0
593,15.216052055358887,24.48874282836914,-1.0
594,-8.516512870788574,-28.599918365478516,1.0
595,-8.87582015991211,7.979848861694336,-1.0
596,11.129830360412598,26.24043083190918,1.0
597,-17.688241958618164,-5.5021281242370605,-1.0
598,-17.375505447387695,-14.611272811889648,1.0
599,-6.87886905670166,9.18922233581543,-1.0
600,-11.75671672821045,8.904852867126465,1.0
601,22.236888885498047,1.4230687618255615,-1.0
602,-4.790123462677002,-22.320070266723633,-1.0
603,-16.484905242919922,-3.834038496017456,1.0
604,-26.825471878051758,-21.430137634277344,-1.0
605,-15.59884262084961,-20.87957763671875,1.0
606,19.1065616607666,-14.18118953704834,-1.0
607,21.730087280273438,23.484004974365234,1.0
608,18.001972198486328,-7.677197456359863,1.0
609,17.436250686645508,13.968141555786133,1.0
610,-2.800571918487549,10.84296989440918,-1.0
611,25.23924446105957,-5.748697280883789,-1.0
612,-22.640108108520508,-9.49222183227539,-1.0
613,14.522408485412598,26.62104034423828,-1.0
614,-10.718146324157715,11.253061294555664,1.0
615,-19.36931610107422,-1.832645058631897,1.0
616,-21.456270217895508,-23.342700958251953,-1.0
617,-3.198390245437622,-11.35196590423584,-1.0
618,19.709583282470703,19.66276741027832,1.0
619,-1.3737679719924927,29.37205696105957,1.0
620,13.892017364501953,33.19106674194336,1.0
621,-22.32698631286621,-14.944038391113281,1.0
622,8.862079620361328,-15.319643020629883,1.0
623,8.621359825134277,4.2971367835998535,1.0
624,-12.091876029968262,-16.196319580078125,1.0
625,23.216121673583984,26.35868263244629,1.0
626,7.260006427764893,-18.904800415039062,-1.0
627,-7.162880897521973,-0.47331827878952026,-1.0
628,5.7647881507873535,22.016252517700195,-1.0
629,-28.980199813842773,-18.47325897216797,1.0
630,-20.32208824157715,-18.500709533691406,1.0
631,0.14252489805221558,-24.888681411743164,1.0
632,-20.248973846435547,-18.898963928222656,1.0
633,-13.614480018615723,21.432994842529297,-1.0
634,-5.632863998413086,-13.126580238342285,1.0
635,-8.469627380371094,8.136727333068848,1.0
636,17.40329360961914,12.295385360717773,1.0
637,-5.892749309539795,19.993852615356445,-1.0
638,24.666542053222656,18.562707901000977,1.0
639,-7.528424263000488,-20.637788772583008,-1.0
640,-1.2833009958267212,19.188844680786133,-1.0
641,-2.6841180324554443,-21.67293930053711,-1.0
642,-13.342934608459473,10.293168067932129,1.0
643,-11.088603019714355,2.370220422744751,-1.0
644,-5.08428955078125,14.84520149230957,-1.0
645,21.5407772064209,1.5481631755828857,-1.0
646,-8.603453636169434,-3.6104178428649902,-1.0
647,5.367636203765869,-20.0428466796875,1.0
648,-5.851665496826172,0.4484265148639679,1.0
649,17.82638931274414,-13.277706146240234,-1.0
650,-9.479355812072754,-20.3841495513916,-1.0
651,26.297286987304688,-7.381025791168213,-1.0
652,-24.696483612060547,-8.540093421936035,1.0
653,-5.930169582366943,25.861520767211914,-1.0
654,22.536157608032227,20.188758850097656,1.0
655,-27.3936710357666,2.313351631164551,1.0
656,-27.394655227661133,1.978922724723816,1.0
657,-8.277765274047852,2.5416836738586426,-1.0
658,14.932422637939453,6.473635673522949,-1.0
659,-11.49303913116455,-19.89872932434082,-1.0
660,-4.747696399688721,-15.14950180053711,1.0
661,-0.07331713289022446,-22.222047805786133,-1.0
662,-8.681022644042969,-1.1357040405273438,-1.0
663,22.005189895629883,13.144670486450195,-1.0
664,2.433199167251587,-19.441373825073242,-1.0
665,-3.184426784515381,21.285123825073242,-1.0
666,5.415583610534668,26.084781646728516,-1.0
667,5.452458381652832,5.8815484046936035,1.0
668,14.029544830322266,17.988506317138672,1.0
669,1.258338212966919,-21.629554748535156,1.0
670,-19.79060173034668,-11.134723663330078,-1.0
671,20.559659957885742,-11.162408828735352,-1.0
672,12.744327545166016,14.884416580200195,-1.0
673,11.94572639465332,-6.179836273193359,-1.0
674,15.751014709472656,-4.838750839233398,-1.0
675,-16.16275978088379,-29.898832321166992,1.0
676,8.23356819152832,-22.86543083190918,1.0
677,-2.0507495403289795,23.448240280151367,-1.0
678,18.858036041259766,8.744771003723145,1.0
679,1.3031337261199951,-19.719261169433594,-1.0
680,-2.3078436851501465,-13.972291946411133,-1.0
681,3.8751182556152344,-25.222455978393555,1.0
682,4.2685041427612305,14.366403579711914,1.0
683,25.434993743896484,-2.0839617252349854,1.0
684,-17.452863693237305,9.571694374084473,-1.0
685,11.415533065795898,23.657371520996094,1.0
686,16.268396377563477,12.97992992401123,1.0
687,-8.128829002380371,17.817522048950195,-1.0
688,-1.1161688566207886,-18.24265480041504,1.0
689,23.5185489654541,13.38483715057373,1.0
690,-19.345075607299805,6.228312015533447,1.0
691,-1.7041913270950317,-27.966110229492188,1.0
692,17.477144241333008,-12.747658729553223,-1.0
693,19.316654205322266,-10.21388053894043,1.0
694,-5.917944431304932,-23.539783477783203,-1.0
695,5.264904975891113,-6.164498329162598,-1.0
696,13.072076797485352,-13.406702995300293,1.0
697,1.7444442510604858,-23.818647384643555,1.0
698,12.386371612548828,14.376370429992676,-1.0
699,2.5207080841064453,-25.720722198486328,1.0
700,-19.22787094116211,-9.088906288146973,-1.0
701,16.833965301513672,4.327943801879883,-1.0
702,15.140727043151855,12.173372268676758,1.0
703,22.85406494140625,17.31675148010254,1.0
704,2.6338887214660645,-1.0717103481292725,1.0
705,17.265766143798828,-2.8361613750457764,-1.0
706,0.7904379367828369,29.6741886138916,-1.0
707,24.844327926635742,12.953794479370117,1.0
708,21.728357315063477,-1.6976927518844604,1.0
709,7.033303260803223,-13.425704002380371,1.0
710,-4.070432186126709,17.874114990234375,-1.0
711,-25.39108657836914,-18.51980972290039,1.0
712,8.015759468078613,19.608816146850586,1.0
713,-14.23617172241211,15.068121910095215,1.0
714,-20.9615478515625,-7.789198875427246,1.0
715,-10.814294815063477,-15.32757568359375,1.0
716,4.587463855743408,18.55738067626953,1.0
717,-9.23457145690918,-22.718265533447266,-1.0
718,19.66204261779785,25.95891571044922,1.0
719,7.112905025482178,-13.023364067077637,1.0
720,12.036168098449707,-0.2386874258518219,1.0
721,-28.3189640045166,-20.713348388671875,1.0
722,-21.670955657958984,-14.278361320495605,-1.0
723,-6.348639011383057,-17.739044189453125,-1.0
724,-23.44320297241211,-23.68674659729004,1.0
725,17.22248077392578,-12.296441078186035,-1.0
726,-1.889009714126587,-18.651100158691406,-1.0
727,25.781085968017578,18.996789932250977,1.0
728,24.925668716430664,-4.201449394226074,-1.0
729,11.5263090133667,-1.0521609783172607,1.0
730,1.8091684579849243,-23.869356155395508,1.0
731,-19.95823097229004,-6.982845306396484,-1.0
732,-20.132694244384766,-17.179536819458008,-1.0
733,-8.472451210021973,0.9781846404075623,-1.0
734,18.25468635559082,-9.064482688903809,-1.0
735,26.899778366088867,16.2231388092041,1.0
736,15.713796615600586,33.527198791503906,1.0
737,-18.071928024291992,-17.023229598999023,1.0
738,28.265588760375977,-2.2166621685028076,-1.0
739,-1.9059360027313232,-15.359633445739746,-1.0
740,-28.10479164123535,-19.65921974182129,1.0
741,-0.6428177356719971,-27.22768211364746,1.0
742,8.736815452575684,1.4682047367095947,-1.0
743,-2.622969388961792,1.6520107984542847,1.0
744,19.069738388061523,23.264596939086914,1.0
745,14.667076110839844,30.374805450439453,1.0
746,-23.79463768005371,3.176302671432495,1.0
747,10.425827026367188,-14.670857429504395,1.0
748,24.81675148010254,11.511202812194824,1.0
749,-3.2519102096557617,-6.5178937911987305,-1.0
750,4.541491985321045,-11.059920310974121,1.0
751,-3.0947623252868652,15.397891998291016,-1.0
752,-2.913778781890869,0.12705466151237488,1.0
753,17.617568969726562,-11.22686767578125,1.0
754,-14.482940673828125,1.2316020727157593,-1.0
755,-25.93793296813965,5.163628578186035,1.0
756,24.184005737304688,16.958908081054688,-1.0
757,13.890222549438477,8.675446510314941,1.0
758,2.34055233001709,27.49538230895996,-1.0
759,-0.8279609084129333,13.324655532836914,-1.0
760,-6.204795837402344,-1.2226133346557617,-1.0
761,-22.375293731689453,-22.04913330078125,-1.0
762,-14.181978225708008,-14.075305938720703,-1.0
763,-8.79699420928955,-17.092987060546875,-1.0
764,-5.388524532318115,-16.601430892944336,1.0
765,-10.931960105895996,11.344738960266113,1.0
766,-0.46932071447372437,24.952747344970703,-1.0
767,17.809249877929688,10.269678115844727,1.0
768,-10.563694953918457,9.860444068908691,1.0
769,1.8874342441558838,27.978242874145508,-1.0
770,-0.3244244158267975,-6.841879367828369,-1.0
771,0.17118977010250092,26.205108642578125,-1.0
772,3.3536436557769775,-20.505107879638672,-1.0
773,-11.109654426574707,4.335425853729248,-1.0
774,-25.154645919799805,-3.1698861122131348,1.0
775,20.990169525146484,-0.25555890798568726,1.0
776,-1.2091537714004517,-23.436655044555664,1.0
777,-10.517854690551758,-16.71556282043457,-1.0
778,23.109634399414062,0.7623580098152161,1.0
779,9.638080596923828,27.462797164916992,-1.0
780,13.153952598571777,1.5074522495269775,-1.0
781,12.204453468322754,8.490968704223633,1.0
782,23.496349334716797,-12.378751754760742,-1.0
783,17.845632553100586,-16.327362060546875,1.0
784,-17.240127563476562,-20.882930755615234,1.0
785,0.23805570602416992,-2.4846348762512207,1.0
786,-13.854063987731934,-15.662818908691406,1.0
787,8.522915840148926,4.152679920196533,1.0
788,-23.289838790893555,-5.740148544311523,1.0
789,17.545726776123047,17.282007217407227,1.0
790,20.409523010253906,-14.870599746704102,-1.0
791,0.37556779384613037,20.385337829589844,-1.0
792,-13.919142723083496,-15.718600273132324,-1.0
793,11.236573219299316,-20.98259925842285,-1.0
794,-23.456924438476562,6.0402140617370605,1.0
795,27.58201789855957,-4.905468463897705,-1.0
796,14.194659233093262,12.329425811767578,1.0
797,-24.8084774017334,-12.374324798583984,1.0
798,-15.474075317382812,10.645536422729492,-1.0
799,-8.507129669189453,-0.7622488737106323,-1.0
800,-1.8101449012756348,-24.895538330078125,1.0
801,3.234992265701294,-17.123640060424805,-1.0
802,13.632831573486328,3.3930230140686035,-1.0
803,27.449636459350586,24.183950424194336,1.0
804,-15.873208045959473,-13.698694229125977,1.0
805,2.5418012142181396,14.435115814208984,-1.0
806,6.627283096313477,0.3705025017261505,1.0
807,-0.616977334022522,-24.467287063598633,1.0
808,-30.813966751098633,0.3168449401855469,1.0
809,-0.7068977952003479,-21.534950256347656,-1.0
810,14.215581893920898,-6.567370414733887,-1.0
811,13.646537780761719,20.11470603942871,-1.0
812,2.0886194705963135,4.599138259887695,1.0
813,15.528770446777344,19.32184410095215,-1.0
814,-27.116018295288086,-20.39970588684082,1.0
815,7.442622661590576,24.82145881652832,-1.0
816,21.704092025756836,19.69941520690918,1.0
817,-1.4562650918960571,3.686927318572998,1.0
818,-0.8230876326560974,21.211355209350586,1.0
819,12.039144515991211,-0.7863196730613708,-1.0
820,-14.900007247924805,-21.220399856567383,-1.0
821,17.071077346801758,-8.550101280212402,1.0
822,19.77810287475586,-8.962587356567383,1.0
823,18.566680908203125,31.530406951904297,1.0
824,12.760112762451172,27.203155517578125,-1.0
825,-17.46944808959961,11.506674766540527,-1.0
826,-13.20998477935791,-19.388153076171875,-1.0
827,-22.57396125793457,-17.75790023803711,-1.0
828,5.691218376159668,26.40952491760254,1.0
829,10.695796012878418,2.076260566711426,-1.0
830,-18.837129592895508,-16.095903396606445,1.0
831,1.0086199045181274,25.32569694519043,-1.0
832,10.112614631652832,-1.908305048942566,1.0
833,-2.821960210800171,24.949907302856445,-1.0
834,-27.91600227355957,-6.229493141174316,1.0
835,-22.272960662841797,-8.129096984863281,1.0
836,11.266741752624512,21.240358352661133,-1.0
837,19.466630935668945,7.0521674156188965,-1.0
838,-25.38991355895996,-18.790386199951172,1.0
839,-29.00053596496582,-19.63458251953125,1.0
840,27.463912963867188,-8.570000648498535,-1.0
841,8.052109718322754,1.7963649034500122,-1.0
842,-1.1459944248199463,18.957733154296875,-1.0
843,-21.463666915893555,-19.75084686279297,-1.0
844,-13.950399398803711,-24.07474136352539,1.0
845,21.469675064086914,-11.499044418334961,-1.0
846,-2.2893898487091064,18.22039222717285,-1.0
847,-25.95041847229004,3.497640609741211,1.0
848,12.000494956970215,-11.725866317749023,-1.0
849,-22.088518142700195,-3.3686461448669434,1.0
850,15.872224807739258,7.500827789306641,1.0
851,21.859241485595703,-1.6664658784866333,1.0
852,-19.05010986328125,-18.888025283813477,-1.0
853,-2.4523425102233887,-24.95951271057129,1.0
854,26.356708526611328,-9.284446716308594,-1.0
855,-14.740012168884277,-11.459587097167969,1.0
856,22.101665496826172,5.155158042907715,1.0
857,24.557958602905273,13.413186073303223,1.0
858,11.90065860748291,10.367120742797852,1.0
859,17.24160385131836,8.62275218963623,1.0
860,-22.480043411254883,-3.4633285999298096,1.0
861,23.785686492919922,2.4345085620880127,-1.0
862,-22.72058868408203,-20.338022232055664,1.0
863,-3.056079149246216,-18.135618209838867,-1.0
864,20.047895431518555,24.919279098510742,1.0
865,-19.57118797302246,2.8490803241729736,-1.0
866,2.1522858142852783,17.818403244018555,-1.0
867,5.44534969329834,-3.9440300464630127,-1.0
868,-13.610166549682617,-10.5422945022583,1.0
869,-14.427835464477539,-19.92135238647461,1.0
870,-3.1457502841949463,25.472436904907227,-1.0
871,3.4482791423797607,21.892955780029297,-1.0
872,-29.135469436645508,0.3260650038719177,1.0
873,-4.021369934082031,20.804201126098633,-1.0
874,9.289523124694824,1.7455250024795532,-1.0
875,15.356136322021484,-18.042606353759766,1.0
876,14.038740158081055,15.774815559387207,-1.0
877,-25.68738555908203,0.42450469732284546,1.0
878,12.580121040344238,25.162639617919922,-1.0
879,17.058364868164062,20.576913833618164,-1.0
880,-25.670278549194336,-20.360185623168945,1.0
881,3.2857789993286133,21.78327751159668,-1.0
882,20.129703521728516,-5.038688659667969,1.0
883,12.318538665771484,-17.442502975463867,1.0
884,11.24782657623291,3.049978733062744,-1.0
885,-8.337188720703125,-2.76576828956604,-1.0
886,13.317341804504395,-11.215777397155762,-1.0
887,-19.542699813842773,-15.057696342468262,-1.0
888,16.364112854003906,10.021409034729004,1.0
889,-8.577300071716309,-21.226938247680664,-1.0
890,17.92971420288086,10.343795776367188,-1.0
891,12.10744857788086,25.25728416442871,-1.0
892,-25.338777542114258,-5.856171607971191,1.0
893,-20.476037979125977,-3.7748918533325195,-1.0
894,9.179770469665527,0.6249666810035706,-1.0
895,19.51936149597168,30.525028228759766,1.0
896,3.982945203781128,27.798538208007812,-1.0
897,-22.848344802856445,0.4999803602695465,1.0
898,2.1692819595336914,-17.493440628051758,-1.0
899,-24.816804885864258,-16.103559494018555,1.0
900,-11.183244705200195,-2.983677387237549,1.0
901,-2.8941562175750732,-26.207746505737305,1.0
902,13.841236114501953,6.604162693023682,-1.0
903,20.366235733032227,0.31346526741981506,1.0
904,16.07272720336914,-16.17557144165039,1.0
905,0.8188818693161011,-27.392297744750977,1.0
906,30.02803611755371,16.849884033203125,1.0
907,23.73996353149414,5.91428279876709,-1.0
908,24.700403213500977,7.800765037536621,-1.0
909,16.826416015625,-13.602479934692383,1.0
910,20.493675231933594,5.719302654266357,1.0
911,-3.633889675140381,2.8569459915161133,1.0
912,-5.683821201324463,12.275506973266602,1.0
913,-14.140861511230469,2.9439749717712402,-1.0
914,0.7955271601676941,-0.7105993032455444,1.0
915,0.8077253699302673,10.214814186096191,-1.0
916,8.82866382598877,-18.26115608215332,1.0
917,-6.94833517074585,-21.387773513793945,-1.0
918,6.968910217285156,-19.15096664428711,1.0
919,-25.7082462310791,4.004792213439941,1.0
920,8.923748016357422,-12.519949913024902,-1.0
921,-5.660804748535156,16.164113998413086,1.0
922,-2.37068510055542,8.240208625793457,1.0
923,-1.4998317956924438,-25.98160171508789,1.0
924,-23.44590187072754,-13.33338451385498,1.0
925,-17.802547454833984,-8.612366676330566,-1.0
926,-11.83890151977539,6.460007190704346,1.0
927,-13.706235885620117,-16.512195587158203,1.0
928,2.5502519607543945,-24.311203002929688,1.0
929,-16.874637603759766,-22.750926971435547,1.0
930,-23.020427703857422,7.646742820739746,1.0
931,-1.5877207517623901,-27.217838287353516,1.0
932,-1.6645610332489014,19.742244720458984,-1.0
933,4.958073139190674,20.2335205078125,-1.0
934,-7.302827835083008,-20.519546508789062,-1.0
935,-8.336727142333984,1.351740837097168,-1.0
936,-17.435871124267578,-24.397686004638672,-1.0
937,21.519062042236328,-12.54505443572998,-1.0
938,18.81641387939453,13.939859390258789,1.0
939,21.105878829956055,28.353670120239258,1.0
940,-11.726280212402344,0.4795076251029968,-1.0
941,16.04766273498535,-0.5000663995742798,-1.0
942,-17.224035263061523,2.9727089405059814,1.0
943,9.026763916015625,-18.39128875732422,1.0
944,-22.835107803344727,-4.476053714752197,1.0
945,-8.176704406738281,11.882307052612305,1.0
946,-16.32657814025879,-11.678428649902344,-1.0
947,0.2216133326292038,-27.077882766723633,1.0
948,5.539467811584473,4.7657647132873535,-1.0
949,-14.016603469848633,-26.93073844909668,-1.0
950,-7.832427978515625,6.1345062255859375,-1.0
951,-18.965147018432617,-12.951886177062988,-1.0
952,22.982242584228516,26.469003677368164,1.0
953,4.797359943389893,-7.34555196762085,-1.0
954,-17.286365509033203,-17.458515167236328,1.0
955,-2.830796480178833,-11.344883918762207,-1.0
956,25.22553062438965,-11.675785064697266,-1.0
957,-23.331493377685547,4.456057548522949,1.0
958,20.192855834960938,22.743450164794922,1.0
959,-11.272756576538086,-17.744630813598633,1.0
960,16.62434196472168,20.281192779541016,-1.0
961,-14.575019836425781,-16.90070915222168,1.0
962,14.665935516357422,-12.725625038146973,1.0
963,15.606024742126465,-14.406880378723145,1.0
964,-2.65564227104187,22.57905387878418,-1.0
965,-23.405445098876953,-24.719253540039062,-1.0
966,17.436433792114258,26.429859161376953,-1.0
967,-3.360482692718506,-13.820781707763672,-1.0
968,-7.405282497406006,-28.937421798706055,1.0
969,15.086124420166016,-9.16954231262207,1.0
970,-3.949092149734497,7.969839572906494,-1.0
971,0.6834722757339478,-26.156558990478516,1.0
972,-0.1172279641032219,21.61406135559082,-1.0
973,-13.100160598754883,8.684755325317383,-1.0
974,-20.07400131225586,-8.76050853729248,-1.0
975,-3.488433361053467,-14.345335006713867,1.0
976,-16.65833854675293,-19.000244140625,-1.0
977,-16.403432846069336,-26.20657730102539,-1.0
978,16.62275505065918,31.39194107055664,1.0
979,12.697478294372559,12.644793510437012,1.0
980,-1.0612716674804688,-23.018970489501953,1.0
981,-29.50829315185547,-1.069651484489441,1.0
982,7.551657676696777,22.366119384765625,-1.0
983,-25.771038055419922,-4.533808708190918,1.0
984,17.936676025390625,-5.342450141906738,-1.0
985,-6.9369425773620605,-11.415451049804688,-1.0
986,-17.798505783081055,-15.619688034057617,1.0
987,-5.181768417358398,7.928807258605957,1.0
988,-7.227015018463135,-8.8624906539917,1.0
989,-2.274003267288208,24.88932228088379,1.0
990,-26.321794509887695,4.233849048614502,1.0
991,0.9807077050209045,-27.672752380371094,1.0
992,-11.833345413208008,2.0004072189331055,-1.0
993,-25.62055778503418,5.605287075042725,1.0
994,-7.626997947692871,-26.133996963500977,-1.0
995,-0.8928069472312927,-25.1971492767334,1.0
996,-16.802568435668945,-0.9638745784759521,1.0
997,16.41086769104004,3.6465461254119873,1.0
998,-13.091035842895508,-18.31329917907715,-1.0
999,-3.860365629196167,9.846195220947266,-1.0
1000,-30.45304298400879,-10.253713607788086,-1.0
1001,2.830106496810913,-19.755308151245117,-1.0
1002,-16.251134872436523,4.256561279296875,-1.0
1003,-3.688041925430298,5.551275730133057,-1.0
1004,20.324804306030273,22.795799255371094,1.0
1005,-2.4978106021881104,-7.4479851722717285,-1.0
1006,-3.9621851444244385,-2.159142017364502,-1.0
1007,-20.21895980834961,-5.057765960693359,-1.0
1008,15.83223819732666,13.729940414428711,1.0
1009,-16.6575984954834,10.33448600769043,-1.0
1010,18.16990089416504,14.162546157836914,1.0
1011,-4.393275260925293,23.62891960144043,-1.0
1012,0.21206426620483398,-23.875898361206055,1.0
1013,24.524364471435547,23.065914154052734,1.0
1014,-0.15755586326122284,-19.850589752197266,-1.0
1015,16.40513038635254,28.820987701416016,1.0
1016,-15.73221492767334,-10.356585502624512,1.0
1017,23.445728302001953,-3.252728223800659,1.0
1018,-3.8760411739349365,9.269346237182617,1.0
1019,-12.342131614685059,10.211161613464355,-1.0
1020,-11.073386192321777,-23.512975692749023,-1.0
1021,14.550128936767578,2.165175199508667,-1.0
1022,-10.519585609436035,-16.919662475585938,1.0
1023,-18.623777389526367,1.432360291481018,-1.0
1024,3.6449365615844727,-18.906993865966797,-1.0
1025,-24.815364837646484,-7.639297008514404,1.0
1026,21.637590408325195,-13.14301872253418,-1.0
1027,15.057985305786133,-15.37607192993164,1.0
1028,8.399474143981934,7.61855936050415,1.0
1029,-22.300535202026367,-0.7401182651519775,1.0
1030,1.4050287008285522,17.2684383392334,-1.0
1031,22.957414627075195,19.22826385498047,1.0
1032,-15.33046817779541,-26.921119689941406,1.0
1033,-0.6726078391075134,0.3196581304073334,-1.0
1034,22.152164459228516,-5.5187554359436035,-1.0
1035,11.979065895080566,-9.66112995147705,-1.0
1036,14.120272636413574,-1.1127396821975708,-1.0
1037,-10.849205017089844,-5.938597679138184,-1.0
1038,-15.869328498840332,7.8118085861206055,-1.0
1039,-4.911125659942627,2.620417833328247,1.0
1040,-21.168210983276367,4.203418731689453,1.0
1041,-28.196914672851562,-16.927555084228516,-1.0
1042,18.82451629638672,-3.9696242809295654,-1.0
1043,-3.0982699394226074,11.602438926696777,-1.0
1044,17.55673599243164,8.373394012451172,1.0
1045,-6.808635711669922,22.4603328704834,1.0
1046,15.74109935760498,27.60314178466797,-1.0
1047,8.951179504394531,12.500225067138672,1.0
1048,-16.802671432495117,-3.7586562633514404,1.0
1049,-9.710905075073242,14.88926887512207,1.0
1050,-18.918678283691406,12.413259506225586,-1.0
1051,20.944778442382812,24.18398666381836,1.0
1052,-25.83559799194336,-14.044170379638672,1.0
1053,26.395130157470703,-2.023732900619507,1.0
1054,-20.677762985229492,-22.319406509399414,-1.0
1055,19.094621658325195,20.341936111450195,1.0
1056,-1.4164433479309082,-13.609740257263184,-1.0
1057,1.2986990213394165,-15.886706352233887,-1.0
1058,5.307373523712158,-15.657078742980957,1.0
1059,-6.653848171234131,2.9020442962646484,-1.0
1060,-21.9273624420166,-5.510611057281494,-1.0
1061,4.710308074951172,-23.264039993286133,1.0
1062,-1.9455715417861938,-29.40738296508789,1.0
1063,10.807814598083496,12.593245506286621,1.0
1064,-1.6556483507156372,-4.966145038604736,-1.0
1065,19.164321899414062,28.583555221557617,1.0
1066,-6.490869045257568,7.849494457244873,-1.0
1067,24.058609008789062,2.9485726356506348,-1.0
1068,-17.917007446289062,18.450115203857422,-1.0
1069,13.761463165283203,12.551214218139648,1.0
1070,13.536931991577148,5.174938678741455,-1.0
1071,23.213172912597656,-6.480964660644531,-1.0
1072,-26.679258346557617,-3.7482047080993652,1.0
1073,-19.18427085876465,8.571438789367676,-1.0
1074,-15.94528865814209,-2.5327112674713135,1.0
1075,22.9874324798584,21.431793212890625,1.0
1076,-13.17897891998291,5.868103504180908,1.0
1077,-7.765498161315918,-16.798633575439453,-1.0
1078,14.02347469329834,9.45637035369873,1.0
1079,17.125619888305664,-5.343808650970459,1.0
1080,12.135343551635742,13.875838279724121,1.0
1081,-7.259830474853516,21.656034469604492,1.0
1082,-19.512847900390625,6.011487007141113,1.0
1083,-0.25482964515686035,-26.503206253051758,1.0
1084,-16.056978225708008,-7.231448650360107,-1.0
1085,-7.797300815582275,5.694619178771973,-1.0
1086,-20.924257278442383,-0.4918898046016693,1.0
1087,-12.74696159362793,-20.95112419128418,-1.0
1088,-10.1358642578125,-1.002142310142517,-1.0
1089,11.979331016540527,-15.698371887207031,-1.0
1090,11.49906063079834,-8.902817726135254,-1.0
1091,-3.842094659805298,24.927295684814453,1.0
1092,-15.918656349182129,-18.313331604003906,-1.0
1093,19.450401306152344,14.492650985717773,1.0
1094,5.73584508895874,28.049182891845703,-1.0
1095,-7.26072359085083,13.584640502929688,1.0
1096,-5.331911563873291,-2.6887409687042236,-1.0
1097,8.505218505859375,-3.089822769165039,1.0
1098,-18.75728988647461,-26.340587615966797,1.0
1099,0.3964305818080902,25.290725708007812,1.0
1100,11.555421829223633,3.845182180404663,-1.0
1101,-23.4516658782959,4.665722846984863,1.0
1102,0.47161784768104553,18.678592681884766,-1.0
1103,-15.51001262664795,5.836414813995361,1.0
1104,-0.7010506987571716,15.889606475830078,1.0
1105,5.337970733642578,6.1144537925720215,-1.0
1106,-16.380104064941406,-16.79013442993164,-1.0
1107,27.07720947265625,-9.429468154907227,-1.0
1108,25.810279846191406,-4.016650199890137,-1.0
1109,-18.041744232177734,-2.6412322521209717,-1.0
1110,22.567731857299805,-4.845067501068115,1.0
1111,20.130216598510742,-17.199005126953125,1.0
1112,23.529218673706055,-11.595305442810059,-1.0
1113,19.412960052490234,-11.817523002624512,-1.0
1114,6.791409492492676,0.7678726315498352,-1.0
1115,14.240604400634766,8.655298233032227,1.0
1116,11.347817420959473,-20.182588577270508,-1.0
1117,-3.435713052749634,-19.06053924560547,-1.0
1118,-26.65154457092285,-0.7210935354232788,-1.0
1119,-22.96393585205078,-7.913486003875732,1.0
1120,-6.9537129402160645,3.727418899536133,-1.0
1121,2.0837652683258057,6.595537185668945,1.0
1122,10.88607120513916,-8.463113784790039,1.0
1123,-25.272130966186523,-22.782390594482422,-1.0
1124,-18.203880310058594,-3.943643569946289,1.0
1125,-19.42513656616211,-22.119731903076172,-1.0
1126,7.925072193145752,23.51654624938965,-1.0
1127,6.5024590492248535,29.540958404541016,-1.0
1128,-3.5022847652435303,-13.356752395629883,-1.0
1129,20.32278823852539,18.88690185546875,1.0
1130,16.924015045166016,-10.449560165405273,1.0
1131,-4.088144302368164,3.6874473094940186,1.0
1132,-26.740379333496094,0.594066321849823,-1.0
1133,-14.119255065917969,7.106105804443359,-1.0
1134,-24.539066314697266,4.675108909606934,1.0
1135,-0.5071240067481995,-15.20323371887207,-1.0
1136,8.724443435668945,0.03998648747801781,1.0
1137,-28.69831657409668,4.980059623718262,1.0
1138,-18.446008682250977,-10.242069244384766,-1.0
1139,13.679780006408691,13.175490379333496,1.0
1140,4.703675746917725,9.123345375061035,-1.0
1141,-12.070024490356445,4.76043176651001,-1.0
1142,-20.34458351135254,1.5508739948272705,1.0
1143,-10.441136360168457,-25.241981506347656,-1.0
1144,13.613314628601074,16.859352111816406,1.0
1145,13.0405855178833,4.743206024169922,-1.0
1146,-15.916397094726562,-24.64525604248047,1.0
1147,15.833975791931152,16.00033950805664,1.0
1148,19.26460838317871,-16.126405715942383,-1.0
1149,16.159574508666992,-9.559869766235352,1.0
1150,17.428953170776367,20.826791763305664,-1.0
1151,23.396547317504883,-3.2241387367248535,1.0
1152,1.5678657293319702,18.961076736450195,-1.0
1153,-1.172256350517273,5.428500652313232,-1.0
1154,-24.9150333404541,-15.28614330291748,1.0
1155,21.772117614746094,22.398296356201172,1.0
1156,-13.274053573608398,-25.130550384521484,1.0
1157,-2.410527467727661,-6.933185577392578,-1.0
1158,12.631311416625977,-14.33530330657959,-1.0
1159,-18.874530792236328,12.869989395141602,-1.0
1160,-22.098886489868164,-5.44458532333374,1.0
1161,-23.484947204589844,-7.722452640533447,1.0
1162,14.114903450012207,7.503648281097412,-1.0
1163,-7.8726606369018555,4.340925216674805,-1.0
1164,20.91579246520996,26.948101043701172,1.0
1165,21.36498260498047,26.11410140991211,1.0
1166,24.23057746887207,26.573890686035156,-1.0
1167,-0.0019157982897013426,-22.66706085205078,1.0
1168,5.088916778564453,-15.890459060668945,-1.0
1169,-6.567643165588379,-9.708199501037598,1.0
1170,-8.65434741973877,2.6939330101013184,-1.0
1171,-6.362341403961182,-20.351587295532227,-1.0
1172,13.18708324432373,25.283729553222656,-1.0
1173,12.864381790161133,0.07654114812612534,1.0
1174,3.4530813694000244,14.061705589294434,1.0
1175,24.23884391784668,24.284475326538086,-1.0
1176,16.54543685913086,22.951393127441406,-1.0
1177,9.86284351348877,8.205571174621582,-1.0
1178,-5.196460723876953,-26.064067840576172,1.0
1179,19.47222900390625,21.06249237060547,1.0
1180,-26.262470245361328,5.1658549308776855,1.0
1181,-27.52039337158203,-14.759727478027344,1.0
1182,8.707934379577637,21.05733299255371,-1.0
1183,-8.50034236907959,-2.662100076675415,1.0
1184,-7.4860944747924805,10.02021598815918,-1.0
1185,-7.183992385864258,1.2818487882614136,1.0
1186,24.94672393798828,16.526899337768555,-1.0
1187,-26.775026321411133,-9.827380180358887,1.0
1188,-16.117694854736328,9.186530113220215,-1.0
1189,3.2317821979522705,-14.83243465423584,-1.0
1190,8.491877555847168,19.94167709350586,1.0
1191,10.311136245727539,-1.906872272491455,1.0
1192,7.569785118103027,-14.670355796813965,1.0
1193,-24.534482955932617,-9.265422821044922,-1.0
1194,-26.301176071166992,-18.392066955566406,1.0
1195,-1.7508670091629028,-6.51141357421875,-1.0
1196,8.5116548538208,7.503366947174072,1.0
1197,-7.738877773284912,-4.630862712860107,-1.0
1198,28.45000457763672,-7.430643081665039,-1.0
1199,-24.797443389892578,-15.005637168884277,-1.0
1200,23.957521438598633,8.040129661560059,1.0
1201,2.462183952331543,-27.90828514099121,1.0
1202,-5.930227279663086,10.993706703186035,1.0
1203,10.292341232299805,-11.257680892944336,1.0
1204,-16.051809310913086,-5.317643165588379,-1.0
1205,18.22895622253418,23.96538543701172,-1.0
1206,-19.78612518310547,-22.840539932250977,-1.0
1207,-4.74546480178833,-0.7140894532203674,-1.0
1208,5.411541938781738,26.945737838745117,-1.0
1209,-5.033555030822754,-20.28306007385254,-1.0
1210,4.049838542938232,23.763471603393555,-1.0
1211,-10.673286437988281,3.0614190101623535,-1.0
1212,26.630334854125977,-9.411456108093262,-1.0
1213,3.4900059700012207,25.98126792907715,-1.0
1214,-12.181864738464355,-10.597431182861328,-1.0
1215,19.146352767944336,-6.219604015350342,1.0
1216,-1.3926948308944702,-27.546131134033203,1.0
1217,18.15678596496582,26.41258430480957,1.0
1218,13.190474510192871,5.784092426300049,-1.0
1219,29.52068328857422,8.624130249023438,-1.0
1220,22.06360626220703,-10.234649658203125,-1.0
1221,-5.27828311920166,20.160139083862305,-1.0
1222,-29.692529678344727,6.155150413513184,1.0
1223,-13.541711807250977,11.718560218811035,1.0
1224,-22.43795394897461,5.461393356323242,1.0
1225,15.947911262512207,33.34699630737305,1.0
1226,15.884649276733398,22.00141143798828,-1.0
1227,-12.318819999694824,11.852242469787598,1.0
1228,12.721427917480469,33.50170135498047,1.0
1229,2.4211084842681885,-5.813192844390869,1.0
1230,23.762285232543945,-8.522649765014648,-1.0
1231,-2.5554566383361816,21.246135711669922,-1.0
1232,-17.57544708251953,8.515618324279785,-1.0
1233,-23.66817283630371,-14.817867279052734,1.0
1234,19.918790817260742,-7.584848880767822,1.0
1235,-25.35450553894043,-3.0235953330993652,1.0
1236,-2.264554738998413,-14.462345123291016,-1.0
1237,-24.087081909179688,-23.286354064941406,-1.0
1238,12.071823120117188,-9.987852096557617,-1.0
1239,17.419429779052734,25.564868927001953,1.0
1240,-4.852664947509766,-6.4533538818359375,-1.0
1241,-17.75363540649414,7.0692057609558105,-1.0
1242,-21.246448516845703,4.210249423980713,-1.0
1243,-4.089497089385986,-30.66022300720215,-1.0
1244,-28.900671005249023,-20.024845123291016,1.0
1245,-23.663904190063477,-10.768775939941406,1.0
1246,4.932284355163574,7.235962390899658,1.0
1247,-0.8864842653274536,21.22687339782715,1.0
1248,18.053783416748047,17.373258590698242,-1.0
1249,-14.641175270080566,10.515362739562988,-1.0
1250,-12.143082618713379,-10.100920677185059,1.0
1251,-1.494734287261963,20.608966827392578,-1.0
1252,-17.45125389099121,-26.099193572998047,1.0
1253,4.214210033416748,27.01667594909668,-1.0
1254,-0.8679075837135315,-18.42266845703125,-1.0
1255,-19.6846981048584,5.240991115570068,1.0
1256,-10.497885704040527,-21.195640563964844,-1.0
1257,21.87938117980957,25.24387550354004,1.0
1258,0.5270376205444336,-20.887121200561523,-1.0
1259,17.285310745239258,7.152735233306885,-1.0
1260,24.816747665405273,-4.293956279754639,1.0
1261,12.25669002532959,6.842948913574219,1.0
1262,-19.752853393554688,0.2762748897075653,-1.0
1263,17.160152435302734,-9.316485404968262,1.0
1264,-4.941418647766113,-23.047548294067383,-1.0
1265,22.502887725830078,3.0444746017456055,-1.0
1266,-23.305509567260742,-0.9126711487770081,1.0
1267,-24.18397331237793,8.532356262207031,1.0
1268,16.88257598876953,18.086055755615234,-1.0
1269,-21.48680877685547,-12.879980087280273,-1.0
1270,-21.83673095703125,-20.356182098388672,1.0
1271,-14.78055477142334,-18.889404296875,-1.0
1272,-3.164137363433838,-23.039501190185547,1.0
1273,-3.471008777618408,4.6357808113098145,1.0
1274,3.1938371658325195,0.7548478245735168,-1.0
1275,17.262781143188477,-4.884772777557373,-1.0
1276,19.194604873657227,21.705541610717773,-1.0
1277,-9.079422950744629,4.177940368652344,-1.0
1278,-15.737848281860352,7.8169097900390625,-1.0
1279,0.06610215455293655,-25.260677337646484,1.0
1280,10.151494026184082,23.84510612487793,-1.0
1281,-23.573143005371094,3.0946297645568848,1.0
1282,-10.670961380004883,-27.55903434753418,1.0
1283,-23.225902557373047,2.515674352645874,1.0
1284,9.364466667175293,32.87493133544922,1.0
1285,6.077371597290039,29.98487091064453,-1.0
1286,-0.021912628784775734,22.55118179321289,1.0
1287,22.102977752685547,19.886873245239258,1.0
1288,13.450523376464844,2.013885736465454,1.0
1289,27.073030471801758,11.399020195007324,1.0
1290,29.644763946533203,14.202481269836426,-1.0
1291,-4.745153903961182,-16.215478897094727,1.0
1292,-4.429714679718018,-13.621199607849121,1.0
1293,10.57442569732666,4.246915817260742,-1.0
1294,8.291626930236816,9.802725791931152,1.0
1295,22.503599166870117,15.921799659729004,1.0
1296,20.55473518371582,-3.6116433143615723,1.0
1297,16.189708709716797,8.300310134887695,1.0
1298,-10.014643669128418,-17.81490707397461,1.0
1299,8.399198532104492,31.056072235107422,1.0
1300,19.327693939208984,-9.933425903320312,-1.0
1301,14.805451393127441,5.403614521026611,-1.0
1302,-19.67625617980957,-20.570640563964844,-1.0
1303,19.59970474243164,25.541221618652344,-1.0
1304,-5.975568771362305,-3.811439275741577,-1.0
1305,-5.970256328582764,0.549856960773468,1.0
1306,-26.600282669067383,1.3117408752441406,1.0
1307,-26.701213836669922,-20.9139347076416,1.0
1308,-18.162675857543945,10.682361602783203,-1.0
1309,21.324872970581055,30.40303611755371,1.0
1310,-2.981868267059326,18.773826599121094,1.0
1311,0.45876166224479675,-5.4765214920043945,-1.0
1312,17.935556411743164,12.20083236694336,1.0
1313,0.15042424201965332,-2.3445334434509277,1.0
1314,-30.519744873046875,-10.236993789672852,-1.0
1315,5.3929853439331055,3.3402719497680664,1.0
1316,-0.15988533198833466,-15.873970985412598,1.0
1317,13.159635543823242,-18.15028190612793,1.0
1318,-24.41924285888672,-22.285280227661133,-1.0
1319,0.9367352724075317,24.37433624267578,1.0
1320,27.989978790283203,11.329909324645996,1.0
1321,17.149829864501953,28.42731285095215,1.0
1322,31.04167938232422,12.36535930633545,1.0
1323,1.3667235374450684,26.229673385620117,-1.0
1324,-18.468036651611328,0.030095895752310753,-1.0
1325,29.581104278564453,5.896101951599121,-1.0
1326,-14.727675437927246,1.643792748451233,1.0
1327,-12.519195556640625,-27.169790267944336,1.0
1328,0.9436691999435425,-5.559714317321777,-1.0
1329,20.607437133789062,-6.148494720458984,1.0
1330,-14.168694496154785,4.615499973297119,1.0
1331,-4.081418037414551,-28.6584415435791,1.0
1332,-22.022079467773438,-17.66783905029297,-1.0
1333,-13.30018424987793,-12.315293312072754,-1.0
1334,1.3909167051315308,6.620423316955566,1.0
1335,-17.43231201171875,-15.438994407653809,-1.0
1336,-30.800329208374023,-4.390368461608887,1.0
1337,10.54763412475586,5.914247512817383,1.0
1338,14.678086280822754,22.102373123168945,-1.0
1339,20.471403121948242,20.461490631103516,1.0
1340,-25.323505401611328,-17.42434310913086,1.0
1341,11.946056365966797,20.90188217163086,-1.0
1342,-6.417741775512695,-5.561358451843262,-1.0
1343,-1.2187516689300537,24.6481990814209,1.0
1344,-18.459924697875977,5.936290740966797,1.0
1345,-16.091463088989258,0.23996120691299438,1.0
1346,15.787914276123047,9.021390914916992,1.0
1347,20.468631744384766,-8.715937614440918,-1.0
1348,4.172251224517822,18.33205795288086,-1.0
1349,15.633167266845703,-18.38382339477539,1.0
1350,3.4926321506500244,25.980228424072266,-1.0
1351,1.292546033859253,-17.142667770385742,-1.0
1352,-16.974477767944336,5.54649543762207,-1.0
1353,-12.299036979675293,1.6791014671325684,-1.0
1354,21.671323776245117,2.448683738708496,-1.0
1355,-23.837810516357422,-17.985061645507812,1.0
1356,3.144505262374878,29.587383270263672,1.0
1357,-14.59807014465332,-5.678351879119873,-1.0
1358,23.935096740722656,-8.518505096435547,-1.0
1359,-4.854870319366455,-22.43512535095215,-1.0
1360,11.813076972961426,3.598597288131714,-1.0
1361,-2.172248601913452,-12.82886028289795,1.0
1362,2.039792060852051,13.701676368713379,-1.0
1363,7.909189224243164,5.445476055145264,1.0
1364,-0.7952678799629211,1.8776087760925293,1.0
1365,26.706087112426758,5.351232528686523,-1.0
1366,-21.653884887695312,-18.520357131958008,-1.0
1367,19.701847076416016,-5.657737731933594,-1.0
1368,-7.616753578186035,8.72402572631836,-1.0
1369,-1.5369534492492676,22.109838485717773,-1.0
1370,10.81004810333252,-18.748571395874023,-1.0
1371,-16.7561092376709,2.3889474868774414,-1.0
1372,13.2986421585083,-8.77316951751709,1.0
1373,-20.12675666809082,-7.288414001464844,-1.0
1374,-5.244268417358398,-24.705440521240234,-1.0
1375,-8.576977729797363,-1.0809251070022583,-1.0
1376,17.4381160736084,-14.728140830993652,1.0
1377,0.9090847969055176,-30.09499168395996,1.0
1378,-1.7943458557128906,-9.244797706604004,-1.0
1379,3.1424052715301514,-21.959197998046875,-1.0
1380,-18.02468490600586,12.593650817871094,-1.0
1381,17.834569931030273,11.743571281433105,1.0
1382,1.3552591800689697,-19.57697868347168,-1.0
1383,-1.9593740701675415,12.769538879394531,1.0
1384,17.43547248840332,26.110456466674805,-1.0
1385,16.685855865478516,-11.514339447021484,1.0
1386,-3.9553351402282715,7.762190341949463,-1.0
1387,9.083450317382812,24.40436553955078,-1.0
1388,2.3878307342529297,-27.312013626098633,1.0
1389,1.7411184310913086,0.615698516368866,1.0
1390,-16.444643020629883,-1.4087673425674438,1.0
1391,-7.430801868438721,23.67656135559082,1.0
1392,0.13733333349227905,18.000015258789062,-1.0
1393,8.223945617675781,-9.170214653015137,-1.0
1394,21.909988403320312,-9.729639053344727,-1.0
1395,13.751461029052734,19.796682357788086,1.0
1396,-5.230377197265625,-28.796741485595703,-1.0
1397,-0.8202362656593323,21.76264762878418,-1.0
1398,-12.493573188781738,-14.204832077026367,-1.0
1399,18.47237205505371,25.319263458251953,1.0
1400,-0.06200208514928818,-28.543912887573242,1.0
1401,20.17748260498047,27.381797790527344,1.0
1402,-14.670050621032715,-8.486851692199707,1.0
1403,22.193830490112305,2.015292167663574,-1.0
1404,-26.77396011352539,-16.588167190551758,-1.0
1405,25.945650100708008,16.870126724243164,1.0
1406,-19.192934036254883,4.401941776275635,1.0
1407,18.273624420166016,15.051945686340332,1.0
1408,-12.251826286315918,-25.516756057739258,1.0
1409,-13.777290344238281,21.12803840637207,-1.0
1410,-23.59941291809082,-20.036178588867188,1.0
1411,20.073869705200195,24.605144500732422,-1.0
1412,14.896512031555176,4.059781551361084,-1.0
1413,-21.007884979248047,1.6768187284469604,1.0
1414,10.84001636505127,23.34071922302246,1.0
1415,-5.441701412200928,4.175152778625488,1.0
1416,21.642276763916016,21.324068069458008,1.0
1417,-1.0806832313537598,4.000542163848877,-1.0
1418,-25.5400333404541,0.12119094282388687,1.0
1419,-2.1046226024627686,17.83188247680664,1.0
1420,-9.244490623474121,-13.538106918334961,1.0
1421,2.6066250801086426,15.05730152130127,-1.0
1422,-14.566946983337402,15.57178020477295,-1.0
1423,-8.397775650024414,-19.470518112182617,1.0
1424,-26.38477897644043,7.449642181396484,1.0
1425,-3.7302355766296387,21.946794509887695,-1.0
1426,-0.5218746662139893,20.395709991455078,1.0
1427,-27.966350555419922,-19.249126434326172,1.0
1428,12.591357231140137,31.463985443115234,1.0
1429,27.506933212280273,11.412760734558105,-1.0
1430,-10.4144868850708,9.057522773742676,1.0
1431,10.921812057495117,15.885879516601562,1.0
1432,-15.613655090332031,-16.474363327026367,-1.0
1433,-1.791925072669983,-24.091352462768555,1.0
1434,24.561235427856445,19.847782135009766,1.0
1435,-19.518625259399414,-2.558281421661377,-1.0
1436,-23.506444931030273,-12.837766647338867,-1.0
1437,18.334667205810547,28.418493270874023,1.0
1438,-2.9114573001861572,22.874927520751953,1.0
1439,6.40062141418457,10.883752822875977,1.0
1440,9.152305603027344,-15.79008674621582,1.0
1441,5.249600887298584,-18.387022018432617,-1.0
1442,-2.0732955932617188,16.682363510131836,1.0
1443,25.118572235107422,27.56421661376953,1.0
1444,-28.953922271728516,3.4236669540405273,1.0
1445,-5.217146873474121,0.022520536556839943,1.0
1446,-7.114130020141602,-1.9427515268325806,-1.0
1447,-12.911555290222168,-14.061697959899902,-1.0
1448,-21.964845657348633,-18.413022994995117,-1.0
1449,-28.702560424804688,1.4826618432998657,1.0
1450,-21.40467071533203,-2.372889995574951,-1.0
1451,-5.73125696182251,-6.778512001037598,-1.0
1452,-3.891047716140747,18.204580307006836,-1.0
1453,-2.2625892162323,-19.998340606689453,-1.0
1454,-21.128677368164062,3.07389235496521,1.0
1455,8.778717994689941,6.872424125671387,1.0
1456,27.700050354003906,-2.5775532722473145,-1.0
1457,6.310885429382324,22.808950424194336,-1.0
1458,-22.217029571533203,-1.475827693939209,1.0
1459,-3.342646360397339,-27.03253173828125,1.0
1460,-16.715543746948242,-22.947216033935547,1.0
1461,2.388108730316162,-18.744842529296875,-1.0
1462,17.214872360229492,21.80387306213379,1.0
1463,21.01152229309082,-11.967957496643066,-1.0
1464,3.9248111248016357,-15.188261032104492,1.0
1465,-26.196041107177734,-24.675325393676758,1.0
1466,-5.907325267791748,2.2415261268615723,-1.0
1467,-15.936299324035645,10.996317863464355,-1.0
1468,1.149537205696106,-3.915428876876831,-1.0
1469,-9.036993980407715,-14.756660461425781,1.0
1470,22.509618759155273,-12.880839347839355,1.0
1471,-23.01862907409668,-25.099288940429688,-1.0
1472,16.64032554626465,33.37226104736328,1.0
1473,2.198030710220337,-20.6522274017334,1.0
1474,-5.70873498916626,12.23102855682373,1.0
1475,9.90487003326416,11.28835391998291,1.0
1476,-10.028410911560059,-21.94598960876465,1.0
1477,21.585899353027344,18.216283798217773,1.0
1478,-10.790398597717285,-22.295759201049805,-1.0
1479,-10.969566345214844,-3.3702168464660645,-1.0
1480,16.945594787597656,26.829784393310547,-1.0
1481,11.293805122375488,0.7392223477363586,1.0
1482,-0.3581339716911316,8.86984634399414,1.0
1483,3.8413851261138916,29.82110595703125,-1.0
1484,-26.594514846801758,-24.893423080444336,-1.0
1485,15.667069435119629,-10.733205795288086,1.0
1486,15.719701766967773,15.452994346618652,1.0
1487,0.2688996493816376,-22.51038932800293,-1.0
1488,-5.054433345794678,-21.486289978027344,1.0
1489,14.216630935668945,-4.308234691619873,1.0
1490,-4.089162826538086,-3.702895164489746,1.0
1491,-15.160197257995605,11.416108131408691,-1.0
1492,-15.176614761352539,-22.54891014099121,-1.0
1493,24.02109146118164,20.235519409179688,1.0
1494,26.963891983032227,14.529459953308105,1.0
1495,1.1352696418762207,20.38273811340332,-1.0
1496,-1.1955889463424683,23.088598251342773,1.0
1497,-1.4135825634002686,-25.59522247314453,1.0
1498,-18.433332443237305,-14.83642864227295,1.0
1499,-17.310131072998047,-22.520845413208008,-1.0
1500,0.6946771144866943,17.212745666503906,-1.0
1501,-1.842576026916504,21.362625122070312,-1.0
1502,-22.03751564025879,-16.22041130065918,1.0
1503,22.440166473388672,25.502092361450195,1.0
1504,2.647228956222534,2.7513315677642822,-1.0
1505,0.8205273747444153,13.049056053161621,-1.0
1506,7.524838924407959,24.177474975585938,-1.0
1507,-11.64682674407959,2.3158252239227295,-1.0
1508,15.642206192016602,-12.490419387817383,1.0
1509,-3.7916324138641357,-1.9826852083206177,-1.0
1510,-3.904533624649048,1.6627153158187866,1.0
1511,-1.453184723854065,5.622188091278076,-1.0
1512,16.974987030029297,17.136648178100586,-1.0
1513,-24.48933219909668,-19.810815811157227,1.0
1514,2.9840939044952393,18.80379295349121,-1.0
1515,26.8279972076416,5.450533390045166,-1.0
1516,22.679105758666992,20.252885818481445,1.0
1517,-29.441692352294922,-14.092967987060547,1.0
1518,-9.628607749938965,-21.9183292388916,1.0
1519,-1.3537471294403076,-19.89026641845703,-1.0
1520,25.30338478088379,-11.934505462646484,-1.0
1521,22.777799606323242,15.245944023132324,1.0
1522,4.860778331756592,-12.225201606750488,1.0
1523,-11.425324440002441,-1.0953410863876343,-1.0
1524,11.294992446899414,18.702531814575195,-1.0
1525,1.5212618112564087,-25.662647247314453,1.0
1526,14.855732917785645,-17.00062370300293,1.0
1527,7.175924777984619,-20.431842803955078,-1.0
1528,21.814550399780273,-9.899325370788574,-1.0
1529,6.507353782653809,25.59139060974121,-1.0
1530,-6.242712020874023,-10.420870780944824,1.0
1531,-21.72901725769043,6.111802577972412,1.0
1532,17.513774871826172,11.870383262634277,1.0
1533,5.773037910461426,26.32423973083496,-1.0
1534,-12.624608993530273,-22.420578002929688,1.0
1535,-11.591150283813477,14.229135513305664,1.0
1536,23.29240608215332,28.214529037475586,1.0
1537,-24.050121307373047,-18.64796257019043,1.0
1538,-10.036731719970703,-19.83765411376953,-1.0
1539,-27.579029083251953,-13.178552627563477,1.0
1540,-15.857139587402344,12.606931686401367,-1.0
1541,25.88840103149414,1.006416916847229,-1.0
1542,-27.259126663208008,3.2173213958740234,1.0
1543,-23.131221771240234,-20.296844482421875,-1.0
1544,-12.198592185974121,2.4816837310791016,-1.0
1545,-6.092141151428223,-18.22477912902832,-1.0
1546,12.66802978515625,18.576900482177734,1.0
1547,2.3644440174102783,21.637832641601562,-1.0
1548,-1.6975703239440918,-3.4716014862060547,-1.0
1549,4.779263019561768,-7.314855098724365,-1.0
1550,-4.996473789215088,-19.226247787475586,-1.0
1551,4.416598796844482,27.944246292114258,1.0
1552,-1.833250880241394,-17.45543670654297,1.0
1553,-21.919883728027344,-23.34796905517578,-1.0
1554,-27.40193748474121,-1.7141093015670776,1.0
1555,12.815446853637695,2.7588887214660645,-1.0
1556,1.8044387102127075,-22.126798629760742,1.0
1557,10.901899337768555,12.559049606323242,1.0
1558,17.572906494140625,-11.248571395874023,-1.0
1559,16.340415954589844,32.106689453125,1.0
1560,17.06265640258789,15.66051197052002,-1.0
1561,-6.088296890258789,-18.40741539001465,-1.0
1562,-3.8129630088806152,1.7554917335510254,1.0
1563,12.536372184753418,-2.1352944374084473,1.0
1564,-10.236087799072266,-12.072654724121094,-1.0
1565,-4.430696964263916,4.724846363067627,1.0
1566,10.019763946533203,20.14735221862793,-1.0
1567,-9.269610404968262,-22.325645446777344,-1.0
1568,12.853108406066895,9.975711822509766,1.0
1569,-11.302953720092773,3.2241618633270264,-1.0
1570,14.380569458007812,29.334190368652344,1.0
1571,14.67198371887207,13.555499076843262,1.0
1572,-8.181523323059082,20.1048583984375,-1.0
1573,-24.506900787353516,0.625338077545166,1.0
1574,-26.947338104248047,-19.701797485351562,1.0
1575,0.5135761499404907,-28.546655654907227,1.0
1576,15.193748474121094,20.37688446044922,-1.0
1577,-15.137996673583984,-20.819204330444336,-1.0
1578,9.677573204040527,28.121564865112305,-1.0
1579,-7.696974754333496,-3.4475443363189697,-1.0
1580,-26.29368782043457,10.22817325592041,1.0
1581,26.511940002441406,-2.026900053024292,-1.0
1582,13.331897735595703,-23.776832580566406,-1.0
1583,-30.66279411315918,3.927417755126953,-1.0
1584,25.54126739501953,-11.067012786865234,-1.0
1585,3.137232542037964,24.413738250732422,-1.0
1586,-2.2296929359436035,27.514842987060547,1.0
1587,16.857009887695312,-15.387415885925293,1.0
1588,-21.83736228942871,-1.0707076787948608,1.0
1589,23.091903686523438,20.32520866394043,1.0
1590,13.125082969665527,4.291266441345215,-1.0
1591,17.937747955322266,23.07110023498535,1.0
1592,-21.945749282836914,0.761945903301239,1.0
1593,-23.37922477722168,4.192127227783203,1.0
1594,-15.39236068725586,0.525496780872345,1.0
1595,8.01328182220459,9.355766296386719,1.0
1596,-13.859724998474121,-29.630104064941406,1.0
1597,-23.72228240966797,-24.741857528686523,1.0
1598,13.482484817504883,-4.822836875915527,1.0
1599,-15.800623893737793,-13.89332103729248,-1.0
1600,14.202916145324707,27.386211395263672,1.0
1601,9.583394050598145,-19.58745765686035,-1.0
1602,-20.301305770874023,-19.869281768798828,1.0
1603,-5.628079414367676,2.1049318313598633,1.0
1604,25.216266632080078,14.190526008605957,1.0
1605,17.117706298828125,14.12139892578125,1.0
1606,-1.480392575263977,14.749845504760742,-1.0
1607,-14.43619155883789,9.863738059997559,-1.0
1608,-0.2263643741607666,11.623041152954102,-1.0
1609,-6.928659915924072,-5.357470512390137,1.0
1610,-1.007962703704834,-28.11463165283203,1.0
1611,-24.98667335510254,3.758655071258545,1.0
1612,23.174434661865234,21.544849395751953,1.0
1613,-12.554129600524902,-17.18099594116211,-1.0
1614,-27.941177368164062,0.5739359259605408,1.0
1615,14.494218826293945,12.124271392822266,1.0
1616,18.432506561279297,7.829843044281006,1.0
1617,13.550056457519531,31.630414962768555,1.0
1618,14.5526762008667,14.613603591918945,-1.0
1619,2.6163954734802246,17.498544692993164,-1.0
1620,12.971197128295898,28.212017059326172,-1.0
1621,14.058008193969727,-16.706375122070312,1.0
1622,-10.007585525512695,-23.54970932006836,-1.0
1623,2.632450580596924,2.674307107925415,-1.0
1624,10.685715675354004,-17.48423194885254,-1.0
1625,-14.137907981872559,4.502841949462891,1.0
1626,2.3101205825805664,19.011798858642578,-1.0
1627,20.333576202392578,17.461429595947266,1.0
1628,13.999228477478027,24.375017166137695,-1.0
1629,27.912843704223633,-11.026314735412598,-1.0
1630,-27.336193084716797,-1.9165475368499756,1.0
1631,12.438921928405762,7.06302547454834,1.0
1632,24.43491554260254,1.205579161643982,1.0
1633,14.684052467346191,22.311805725097656,-1.0
1634,18.768903732299805,8.686354637145996,1.0
1635,11.795095443725586,8.496819496154785,1.0
1636,22.10270881652832,27.046510696411133,1.0
1637,14.371682167053223,25.49980354309082,-1.0
1638,-16.861860275268555,-20.845840454101562,1.0
1639,16.756959915161133,25.868253707885742,1.0
1640,10.267925262451172,7.01520299911499,1.0
1641,-20.090543746948242,-11.326805114746094,-1.0
1642,-5.652420520782471,5.504109859466553,-1.0
1643,12.304628372192383,30.76593017578125,1.0
1644,-6.396968364715576,-26.804256439208984,1.0
1645,-18.76715660095215,7.26685905456543,-1.0
1646,18.015762329101562,-15.186332702636719,1.0
1647,23.596139907836914,-11.215469360351562,-1.0
1648,26.264020919799805,-9.62024211883545,-1.0
1649,20.42357635498047,27.25419044494629,1.0
1650,-11.971314430236816,-19.607717514038086,1.0
1651,-12.731657981872559,3.62544584274292,-1.0
1652,25.025287628173828,-5.649089336395264,-1.0
1653,28.208187103271484,21.8035888671875,1.0
1654,15.062322616577148,-14.032712936401367,1.0
1655,-27.022743225097656,-3.9779067039489746,1.0
1656,-7.5503010749816895,10.33678150177002,-1.0
1657,-7.890111446380615,-5.765742778778076,-1.0
1658,5.717148303985596,5.183735370635986,1.0
1659,18.09521484375,-1.7179126739501953,-1.0
1660,9.446331977844238,25.930070877075195,-1.0
1661,12.277374267578125,5.95117712020874,1.0
1662,15.009260177612305,16.701059341430664,-1.0
1663,-15.483406066894531,-19.063058853149414,-1.0
1664,20.606042861938477,8.441253662109375,1.0
1665,-22.66938591003418,-9.6806058883667,1.0
1666,-20.452865600585938,-18.195392608642578,-1.0
1667,10.232340812683105,0.06344608962535858,-1.0
1668,17.3731689453125,-5.255128383636475,-1.0
1669,-2.8830654621124268,-4.27244234085083,-1.0
1670,-2.4290883541107178,-28.45003890991211,1.0
1671,-26.3223876953125,2.9883782863616943,1.0
1672,10.292655944824219,-13.050457954406738,-1.0
1673,19.331823348999023,-13.465713500976562,-1.0
1674,8.379368782043457,-19.820661544799805,1.0
1675,12.670916557312012,-2.652033805847168,-1.0
1676,-9.86176872253418,-6.734028339385986,-1.0
1677,25.66988182067871,-8.746009826660156,-1.0
1678,-12.065258026123047,6.514745235443115,1.0
1679,-10.193961143493652,5.4627180099487305,-1.0
1680,6.3535685539245605,-16.9686279296875,-1.0
1681,8.308280944824219,-7.128664970397949,-1.0
1682,6.834496021270752,27.60698699951172,-1.0
1683,1.0938719511032104,1.6497883796691895,-1.0
1684,8.671751022338867,10.575234413146973,1.0
1685,-11.775444984436035,6.3824143409729,-1.0
1686,-2.0879642963409424,2.462496757507324,-1.0
1687,8.713041305541992,-17.583465576171875,1.0
1688,-17.0388240814209,-9.06517505645752,-1.0
1689,-0.2535436451435089,-20.10821533203125,1.0
1690,15.004868507385254,-11.694921493530273,1.0
1691,-15.261580467224121,-16.932697296142578,1.0
1692,-22.52661895751953,-8.360445022583008,-1.0
1693,15.24909782409668,10.302846908569336,1.0
1694,-4.875235557556152,1.7288566827774048,-1.0
1695,-22.16694450378418,-18.52018165588379,-1.0
1696,2.8496761322021484,25.6087589263916,1.0
1697,-15.90711498260498,9.519944190979004,-1.0
1698,18.261371612548828,27.170278549194336,-1.0
1699,5.964203357696533,16.60039710998535,-1.0
1700,-9.545310020446777,-9.615598678588867,-1.0
1701,15.190291404724121,18.224363327026367,1.0
1702,-17.856727600097656,12.851116180419922,-1.0
1703,12.94752025604248,23.343891143798828,-1.0
1704,9.089739799499512,-2.4793922901153564,1.0
1705,7.998473644256592,28.883447647094727,1.0
1706,7.8368916511535645,12.785893440246582,1.0
1707,7.494939804077148,8.871357917785645,1.0
1708,-12.923458099365234,-15.334914207458496,-1.0
1709,-4.022018909454346,-3.727870225906372,1.0
1710,-24.208494186401367,-13.125017166137695,1.0
1711,-4.893762111663818,-11.584710121154785,1.0
1712,1.3508697748184204,-16.48690414428711,-1.0
1713,-2.9780476093292236,18.86402130126953,-1.0
1714,-13.028569221496582,14.242438316345215,1.0
1715,-10.491119384765625,-19.37394905090332,1.0
1716,-22.660703659057617,2.5543529987335205,1.0
1717,-12.554587364196777,7.052585124969482,-1.0
1718,16.411283493041992,12.169631004333496,1.0
1719,25.150236129760742,9.608085632324219,1.0
1720,21.381689071655273,0.04367942735552788,-1.0
1721,18.31749725341797,-12.63319206237793,-1.0
1722,-1.8182755708694458,7.727326393127441,1.0
1723,4.511362075805664,-17.23222541809082,1.0
1724,13.452411651611328,10.606228828430176,1.0
1725,-22.515417098999023,-21.93426513671875,1.0
1726,4.444100379943848,24.82905387878418,-1.0
1727,23.26272201538086,-1.6317858695983887,-1.0
1728,12.419137001037598,-17.885692596435547,-1.0
1729,25.097122192382812,22.12417221069336,1.0
1730,-10.165770530700684,0.7420814037322998,1.0
1731,26.284006118774414,9.323216438293457,-1.0
1732,-24.476333618164062,-0.12291651964187622,1.0
1733,16.895309448242188,-10.24164867401123,-1.0
1734,21.306034088134766,21.251943588256836,1.0
1735,27.802711486816406,19.649627685546875,1.0
1736,-9.214493751525879,-4.999583721160889,-1.0
1737,13.408221244812012,22.517871856689453,1.0
1738,-21.39419937133789,-10.049638748168945,-1.0
1739,26.801204681396484,8.904401779174805,1.0
1740,-26.497390747070312,1.2677675485610962,1.0
1741,7.0211358070373535,-16.716651916503906,-1.0
1742,19.660192489624023,12.538918495178223,1.0
1743,8.274868965148926,17.782657623291016,1.0
1744,-3.423938751220703,-18.69538116455078,-1.0
1745,-4.380368709564209,-15.166365623474121,1.0
1746,14.52373218536377,-18.79157257080078,1.0
1747,14.27121639251709,-14.213982582092285,-1.0
1748,1.7071855068206787,25.27439308166504,1.0
1749,-6.25905179977417,6.190003395080566,1.0
1750,-28.60626983642578,4.779911041259766,1.0
1751,15.074981689453125,-6.730679035186768,-1.0
1752,20.23492431640625,-12.692377090454102,-1.0
1753,-1.7654459476470947,24.153522491455078,-1.0
1754,5.35935640335083,-18.2281494140625,-1.0
1755,2.594489097595215,-18.628753662109375,-1.0
1756,-29.53309440612793,-13.16982364654541,-1.0
1757,-11.813346862792969,-14.40963077545166,-1.0
1758,-9.749208450317383,11.779515266418457,-1.0
1759,5.63387393951416,9.117850303649902,-1.0
1760,17.544189453125,13.655288696289062,1.0
1761,15.787041664123535,6.140776634216309,-1.0
1762,-19.46806526184082,-20.69853973388672,-1.0
1763,-28.400623321533203,-7.701605796813965,1.0
1764,4.759027004241943,-23.200084686279297,1.0
1765,13.049701690673828,2.0106658935546875,-1.0
1766,-18.16012191772461,-20.39524269104004,-1.0
1767,-12.4862642288208,23.542560577392578,-1.0
1768,22.360939025878906,-7.653614044189453,-1.0
1769,14.517358779907227,-10.564404487609863,-1.0
1770,14.499762535095215,10.934001922607422,1.0
1771,10.654250144958496,25.795307159423828,-1.0
1772,-3.231290340423584,16.502593994140625,1.0
1773,-0.9516727328300476,-4.0812602043151855,-1.0
1774,-15.237014770507812,-25.819557189941406,1.0
1775,12.308914184570312,-3.122396945953369,-1.0
1776,2.333793878555298,19.886167526245117,1.0
1777,-2.998222589492798,4.335329532623291,1.0
1778,-9.18830394744873,1.1359955072402954,-1.0
1779,3.321326732635498,-23.345855712890625,1.0
1780,-15.944966316223145,3.7406039237976074,-1.0
1781,-4.0004963874816895,-27.15459632873535,-1.0
1782,-23.021806716918945,-16.56102752685547,-1.0
1783,22.777746200561523,11.4766206741333,1.0
1784,-9.460713386535645,14.85488224029541,-1.0
1785,6.274903297424316,20.07344627380371,1.0
1786,1.5770251750946045,22.790544509887695,1.0
1787,15.95162296295166,-3.2184627056121826,1.0
1788,12.011984825134277,17.19248390197754,-1.0
1789,24.347620010375977,-0.5278850197792053,-1.0
1790,-12.58804702758789,-17.640710830688477,-1.0
1791,-13.723884582519531,-21.253747940063477,-1.0
1792,-23.041160583496094,10.036574363708496,1.0
1793,-4.007469177246094,19.421245574951172,-1.0
1794,-8.59745979309082,-23.8797550201416,-1.0
1795,1.7112969160079956,21.7549991607666,-1.0
1796,4.872950553894043,-20.220523834228516,1.0
1797,-10.443251609802246,1.8184648752212524,-1.0
1798,-1.4651565551757812,-21.987375259399414,-1.0
1799,22.635610580444336,14.782988548278809,1.0
1800,18.630258560180664,-10.823431968688965,1.0
1801,14.297271728515625,27.818511962890625,-1.0
1802,3.0155210494995117,22.48111343383789,-1.0
1803,0.4939091205596924,-16.8284854888916,-1.0
1804,18.6878604888916,-6.986393451690674,1.0
1805,8.248504638671875,-7.083963871002197,1.0
1806,-14.558980941772461,8.245034217834473,-1.0
1807,0.6077347993850708,7.239655017852783,1.0
1808,16.88642692565918,5.666281223297119,-1.0
1809,-5.505688667297363,16.878711700439453,-1.0
1810,3.377164840698242,16.591493606567383,-1.0
1811,9.792777061462402,27.67068862915039,-1.0
1812,-7.690159797668457,-3.6202027797698975,-1.0
1813,8.56473445892334,-16.138578414916992,-1.0
1814,8.705831527709961,3.1374764442443848,1.0
1815,22.688032150268555,-9.469380378723145,-1.0
1816,5.58414888381958,-23.794404983520508,1.0
1817,9.353643417358398,4.693841457366943,1.0
1818,13.790120124816895,29.187986373901367,-1.0
1819,-2.3208580017089844,-10.988861083984375,1.0
