,mean_fit_time,std_fit_time,mean_score_time,std_score_time,param_NN__alpha,param_NN__hidden_layer_sizes,param_km__n_clusters,params,split0_test_score,split1_test_score,split2_test_score,split3_test_score,split4_test_score,mean_test_score,std_test_score,rank_test_score
0,0.410541296005249,0.04529691841477592,0.0009452342987060547,1.960293737988235e-05,0.1,"(50, 50)",2,"{'NN__alpha': 0.1, 'NN__hidden_layer_sizes': (50, 50), 'km__n_clusters': 2}",0.532967032967033,0.49175824175824173,0.49725274725274726,0.5,0.5,0.5043956043956044,0.014599264017127939,163
1,0.5891359329223633,0.053446834801230844,0.0009705066680908203,5.5349395623371155e-05,0.1,"(50, 50)",5,"{'NN__alpha': 0.1, 'NN__hidden_layer_sizes': (50, 50), 'km__n_clusters': 5}",0.5521978021978022,0.5879120879120879,0.6510989010989011,0.5357142857142857,0.6208791208791209,0.5895604395604395,0.042581531362632014,42
2,0.6687574863433838,0.04237606614446764,0.001014566421508789,4.013501848424341e-05,0.1,"(50, 50)",10,"{'NN__alpha': 0.1, 'NN__hidden_layer_sizes': (50, 50), 'km__n_clusters': 10}",0.6098901098901099,0.6346153846153846,0.6318681318681318,0.5604395604395604,0.6016483516483516,0.6076923076923078,0.02677126970347215,17
3,0.8056156158447265,0.0392728578552567,0.0012091636657714845,0.0001529789621949793,0.1,"(50, 50)",15,"{'NN__alpha': 0.1, 'NN__hidden_layer_sizes': (50, 50), 'km__n_clusters': 15}",0.6318681318681318,0.5851648351648352,0.6153846153846154,0.5247252747252747,0.5796703296703297,0.5873626373626374,0.036751629688331074,45
4,0.8397706031799317,0.022537737454313065,0.0011272430419921875,5.3892936390071587e-05,0.1,"(50, 50)",20,"{'NN__alpha': 0.1, 'NN__hidden_layer_sizes': (50, 50), 'km__n_clusters': 20}",0.5714285714285714,0.6043956043956044,0.6043956043956044,0.5714285714285714,0.5631868131868132,0.5829670329670329,0.017753290572970884,48
5,1.0056513786315917,0.0747069411669479,0.0010966777801513672,2.0123657990321097e-05,0.1,"(50, 50)",25,"{'NN__alpha': 0.1, 'NN__hidden_layer_sizes': (50, 50), 'km__n_clusters': 25}",0.5467032967032966,0.6181318681318682,0.5989010989010989,0.6291208791208791,0.6813186813186813,0.6148351648351648,0.04365971544026141,12
6,1.1021865844726562,0.05400600008338607,0.0011120319366455078,2.0408630371093752e-05,0.1,"(50, 50)",30,"{'NN__alpha': 0.1, 'NN__hidden_layer_sizes': (50, 50), 'km__n_clusters': 30}",0.6181318681318682,0.6043956043956044,0.5824175824175825,0.5357142857142857,0.5604395604395604,0.5802197802197803,0.02966015291486985,54
7,1.174891185760498,0.02165673304052159,0.001253795623779297,9.702041504318152e-05,0.1,"(50, 50)",35,"{'NN__alpha': 0.1, 'NN__hidden_layer_sizes': (50, 50), 'km__n_clusters': 35}",0.6263736263736264,0.5521978021978022,0.6208791208791209,0.554945054945055,0.5494505494505495,0.5807692307692308,0.03507887846046672,52
8,1.260707950592041,0.022401527214116583,0.0012468814849853516,8.639749821710995e-05,0.1,"(50, 50)",40,"{'NN__alpha': 0.1, 'NN__hidden_layer_sizes': (50, 50), 'km__n_clusters': 40}",0.46153846153846156,0.5467032967032966,0.5824175824175825,0.532967032967033,0.5302197802197802,0.5307692307692308,0.0392924377555629,137
9,0.31802845001220703,0.020840679327065573,0.0008726119995117188,4.1815927303613486e-05,0.1,"(50,)",2,"{'NN__alpha': 0.1, 'NN__hidden_layer_sizes': (50,), 'km__n_clusters': 2}",0.47802197802197804,0.5082417582417582,0.46703296703296704,0.49175824175824173,0.521978021978022,0.49340659340659343,0.01985638571383808,177
10,0.48953633308410643,0.01516051550853246,0.0008102893829345703,3.085103248524058e-06,0.1,"(50,)",5,"{'NN__alpha': 0.1, 'NN__hidden_layer_sizes': (50,), 'km__n_clusters': 5}",0.5082417582417582,0.5384615384615384,0.6043956043956044,0.554945054945055,0.6428571428571429,0.5697802197802198,0.048013301703194476,65
11,0.6355725765228272,0.033720546218177536,0.000982046127319336,0.00017902419126589756,0.1,"(50,)",10,"{'NN__alpha': 0.1, 'NN__hidden_layer_sizes': (50,), 'km__n_clusters': 10}",0.5934065934065934,0.5604395604395604,0.5027472527472527,0.510989010989011,0.5576923076923077,0.5450549450549451,0.033718540643002774,102
12,0.7328627109527588,0.014068355240209803,0.00098876953125,4.082444609028228e-05,0.1,"(50,)",15,"{'NN__alpha': 0.1, 'NN__hidden_layer_sizes': (50,), 'km__n_clusters': 15}",0.5439560439560439,0.4725274725274725,0.5686813186813187,0.521978021978022,0.6071428571428571,0.5428571428571429,0.04512859164479354,108
13,0.8458602905273438,0.03062325512391403,0.0009842395782470703,5.1679645523535766e-05,0.1,"(50,)",20,"{'NN__alpha': 0.1, 'NN__hidden_layer_sizes': (50,), 'km__n_clusters': 20}",0.5796703296703297,0.5934065934065934,0.6043956043956044,0.5576923076923077,0.532967032967033,0.5736263736263736,0.02561877632280168,58
14,0.9711081504821777,0.02777747340589369,0.0009747505187988281,1.53927584348087e-05,0.1,"(50,)",25,"{'NN__alpha': 0.1, 'NN__hidden_layer_sizes': (50,), 'km__n_clusters': 25}",0.5714285714285714,0.5412087912087912,0.6153846153846154,0.5439560439560439,0.5576923076923077,0.5659340659340659,0.02697348946952437,69
15,1.0414606094360352,0.0572114305459725,0.0010730743408203125,5.5157384677666654e-05,0.1,"(50,)",30,"{'NN__alpha': 0.1, 'NN__hidden_layer_sizes': (50,), 'km__n_clusters': 30}",0.5357142857142857,0.5659340659340659,0.521978021978022,0.5796703296703297,0.4835164835164835,0.5373626373626375,0.03389713585755425,123
16,1.1328018665313722,0.03214943063336947,0.0010982513427734374,9.7769363467239e-05,0.1,"(50,)",35,"{'NN__alpha': 0.1, 'NN__hidden_layer_sizes': (50,), 'km__n_clusters': 35}",0.5741758241758241,0.5,0.4835164835164835,0.5357142857142857,0.5686813186813187,0.5324175824175825,0.03608848763444619,128
17,1.2956099033355712,0.12636363401403428,0.0013345241546630859,0.0003874595660297598,0.1,"(50,)",40,"{'NN__alpha': 0.1, 'NN__hidden_layer_sizes': (50,), 'km__n_clusters': 40}",0.5,0.5192307692307693,0.5467032967032966,0.5906593406593407,0.5576923076923077,0.5428571428571429,0.03135240135755407,108
18,0.34706592559814453,0.006505815429235306,0.0009453296661376953,0.00011616314951148173,0.1,"(25,)",2,"{'NN__alpha': 0.1, 'NN__hidden_layer_sizes': (25,), 'km__n_clusters': 2}",0.510989010989011,0.48626373626373626,0.521978021978022,0.46703296703296704,0.49175824175824173,0.4956043956043956,0.019238616923089667,171
19,0.5113174438476562,0.028024473685807367,0.0008533000946044922,4.356293042658916e-05,0.1,"(25,)",5,"{'NN__alpha': 0.1, 'NN__hidden_layer_sizes': (25,), 'km__n_clusters': 5}",0.5,0.5989010989010989,0.5659340659340659,0.48626373626373626,0.510989010989011,0.5324175824175824,0.04285714285714286,129
20,0.6030438423156739,0.032864684056529356,0.0008626937866210938,4.0532168207493064e-05,0.1,"(25,)",10,"{'NN__alpha': 0.1, 'NN__hidden_layer_sizes': (25,), 'km__n_clusters': 10}",0.5082417582417582,0.49725274725274726,0.5,0.5384615384615384,0.5824175824175825,0.5252747252747253,0.03210409045712428,151
21,0.7169870853424072,0.020871282670095345,0.0009229660034179687,6.807648316367119e-05,0.1,"(25,)",15,"{'NN__alpha': 0.1, 'NN__hidden_layer_sizes': (25,), 'km__n_clusters': 15}",0.5439560439560439,0.5,0.5906593406593407,0.5384615384615384,0.6236263736263736,0.5593406593406594,0.04314498995472656,76
22,0.8117701530456543,0.01752324280536494,0.0009641170501708985,5.787090318359885e-05,0.1,"(25,)",20,"{'NN__alpha': 0.1, 'NN__hidden_layer_sizes': (25,), 'km__n_clusters': 20}",0.5467032967032966,0.5879120879120879,0.510989010989011,0.5164835164835165,0.4835164835164835,0.5291208791208791,0.03559150492461901,141
23,0.951280927658081,0.019412684057829255,0.0009870529174804688,5.633140344857162e-05,0.1,"(25,)",25,"{'NN__alpha': 0.1, 'NN__hidden_layer_sizes': (25,), 'km__n_clusters': 25}",0.554945054945055,0.5824175824175825,0.5521978021978022,0.5494505494505495,0.5686813186813187,0.5615384615384615,0.012359584482639546,73
24,1.031116008758545,0.02650740507630177,0.0010352611541748046,9.541729577131091e-05,0.1,"(25,)",30,"{'NN__alpha': 0.1, 'NN__hidden_layer_sizes': (25,), 'km__n_clusters': 30}",0.44505494505494503,0.6401098901098901,0.5137362637362637,0.5576923076923077,0.5357142857142857,0.5384615384615384,0.06331806721269422,119
25,1.1145734786987305,0.007171257924341099,0.0010610580444335937,5.209554522712037e-05,0.1,"(25,)",35,"{'NN__alpha': 0.1, 'NN__hidden_layer_sizes': (25,), 'km__n_clusters': 35}",0.5,0.5,0.5,0.5137362637362637,0.5247252747252747,0.5076923076923077,0.010041575210163224,158
26,1.2463411331176757,0.037518174668680376,0.0010565757751464845,4.03125138827684e-05,0.1,"(25,)",40,"{'NN__alpha': 0.1, 'NN__hidden_layer_sizes': (25,), 'km__n_clusters': 40}",0.5659340659340659,0.489010989010989,0.5576923076923077,0.5604395604395604,0.5961538461538461,0.5538461538461539,0.03520773482110065,90
27,0.3358014106750488,0.02027301515331601,0.0009574413299560547,9.966528566756719e-05,0.1,"(25, 25)",2,"{'NN__alpha': 0.1, 'NN__hidden_layer_sizes': (25, 25), 'km__n_clusters': 2}",0.49725274725274726,0.489010989010989,0.5082417582417582,0.510989010989011,0.5,0.5010989010989011,0.007886098952971047,164
28,0.5698127746582031,0.09001378821584119,0.0009148597717285156,4.168860495623908e-05,0.1,"(25, 25)",5,"{'NN__alpha': 0.1, 'NN__hidden_layer_sizes': (25, 25), 'km__n_clusters': 5}",0.6043956043956044,0.4835164835164835,0.6346153846153846,0.5082417582417582,0.5439560439560439,0.554945054945055,0.05691522708825739,88
29,0.6116809844970703,0.038950323073850886,0.0009904861450195312,0.0001604839076269839,0.1,"(25, 25)",10,"{'NN__alpha': 0.1, 'NN__hidden_layer_sizes': (25, 25), 'km__n_clusters': 10}",0.4642857142857143,0.5,0.6208791208791209,0.5659340659340659,0.5,0.5302197802197803,0.05597927748109903,138
30,0.7418126583099365,0.041956166649516964,0.0010589122772216796,4.8850238903533886e-05,0.1,"(25, 25)",15,"{'NN__alpha': 0.1, 'NN__hidden_layer_sizes': (25, 25), 'km__n_clusters': 15}",0.554945054945055,0.5934065934065934,0.5,0.5027472527472527,0.5494505494505495,0.5401098901098902,0.03507887846046675,115
31,0.8886620044708252,0.015950856412522134,0.0010974407196044922,7.248348299001732e-05,0.1,"(25, 25)",20,"{'NN__alpha': 0.1, 'NN__hidden_layer_sizes': (25, 25), 'km__n_clusters': 20}",0.554945054945055,0.6208791208791209,0.5274725274725275,0.5302197802197802,0.5604395604395604,0.5587912087912088,0.03367374383746058,78
32,0.990378999710083,0.06491553482980111,0.0010790824890136719,3.5390505664359247e-05,0.1,"(25, 25)",25,"{'NN__alpha': 0.1, 'NN__hidden_layer_sizes': (25, 25), 'km__n_clusters': 25}",0.5,0.4835164835164835,0.5604395604395604,0.5439560439560439,0.5879120879120879,0.5351648351648353,0.038477233846179335,126
33,1.0756314754486085,0.028539158321370585,0.001140928268432617,7.417272118629637e-05,0.1,"(25, 25)",30,"{'NN__alpha': 0.1, 'NN__hidden_layer_sizes': (25, 25), 'km__n_clusters': 30}",0.554945054945055,0.5192307692307693,0.5989010989010989,0.5604395604395604,0.5521978021978022,0.5571428571428572,0.025381998818573816,83
34,1.1671507835388184,0.03320829930971714,0.0011629104614257813,6.912997579116008e-05,0.1,"(25, 25)",35,"{'NN__alpha': 0.1, 'NN__hidden_layer_sizes': (25, 25), 'km__n_clusters': 35}",0.5357142857142857,0.6043956043956044,0.5714285714285714,0.5027472527472527,0.5521978021978022,0.5532967032967033,0.03407479501915088,92
35,1.2754127502441406,0.035559170473854214,0.0011753559112548829,4.954184326929092e-05,0.1,"(25, 25)",40,"{'NN__alpha': 0.1, 'NN__hidden_layer_sizes': (25, 25), 'km__n_clusters': 40}",0.6181318681318682,0.521978021978022,0.5989010989010989,0.5467032967032966,0.5576923076923077,0.5686813186813187,0.0350530503466738,66
36,0.3802935600280762,0.03566316470367822,0.0011088848114013672,9.49851959075068e-06,0.1,"(100, 25, 100)",2,"{'NN__alpha': 0.1, 'NN__hidden_layer_sizes': (100, 25, 100), 'km__n_clusters': 2}",0.4807692307692308,0.46703296703296704,0.5,0.5412087912087912,0.5412087912087912,0.506043956043956,0.03056249227510631,159
37,0.6433982849121094,0.07081346818358024,0.0011791706085205079,6.544481860241982e-05,0.1,"(100, 25, 100)",5,"{'NN__alpha': 0.1, 'NN__hidden_layer_sizes': (100, 25, 100), 'km__n_clusters': 5}",0.6428571428571429,0.6318681318681318,0.6373626373626373,0.6071428571428571,0.6373626373626373,0.6313186813186813,0.012577497958527048,7
38,0.8389607429504394,0.12294716461594407,0.0011932373046875,5.548844008975203e-05,0.1,"(100, 25, 100)",10,"{'NN__alpha': 0.1, 'NN__hidden_layer_sizes': (100, 25, 100), 'km__n_clusters': 10}",0.6978021978021978,0.6181318681318682,0.6703296703296703,0.5961538461538461,0.6263736263736264,0.6417582417582418,0.036964589431987147,2
39,0.9392657279968262,0.031647854770826676,0.0013103961944580078,5.577168614100198e-05,0.1,"(100, 25, 100)",15,"{'NN__alpha': 0.1, 'NN__hidden_layer_sizes': (100, 25, 100), 'km__n_clusters': 15}",0.6043956043956044,0.6318681318681318,0.6016483516483516,0.6043956043956044,0.6263736263736264,0.6137362637362638,0.01272069989317608,13
40,0.9883737087249755,0.07723593404892716,0.0013042449951171874,0.00010858343287855474,0.1,"(100, 25, 100)",20,"{'NN__alpha': 0.1, 'NN__hidden_layer_sizes': (100, 25, 100), 'km__n_clusters': 20}",0.6456043956043956,0.6373626373626373,0.5824175824175825,0.5769230769230769,0.5714285714285714,0.6027472527472527,0.031924920980953744,23
41,1.0723372459411622,0.11568472488638094,0.0013753890991210938,0.0001230797345617041,0.1,"(100, 25, 100)",25,"{'NN__alpha': 0.1, 'NN__hidden_layer_sizes': (100, 25, 100), 'km__n_clusters': 25}",0.6098901098901099,0.6016483516483516,0.6181318681318682,0.5989010989010989,0.5494505494505495,0.5956043956043956,0.024038069070579503,30
42,1.1611534118652345,0.07340129996603031,0.0014768123626708984,0.00011570239197736192,0.1,"(100, 25, 100)",30,"{'NN__alpha': 0.1, 'NN__hidden_layer_sizes': (100, 25, 100), 'km__n_clusters': 30}",0.5494505494505495,0.6263736263736264,0.5769230769230769,0.5576923076923077,0.5741758241758241,0.5769230769230769,0.026748706471732043,55
43,1.275237464904785,0.06413141361376366,0.00140838623046875,5.852666723923176e-05,0.1,"(100, 25, 100)",35,"{'NN__alpha': 0.1, 'NN__hidden_layer_sizes': (100, 25, 100), 'km__n_clusters': 35}",0.5906593406593407,0.5961538461538461,0.5741758241758241,0.5439560439560439,0.6456043956043956,0.59010989010989,0.03316788631381666,40
44,1.4547232151031495,0.04500459961137257,0.0014796733856201171,0.00010695600955117867,0.1,"(100, 25, 100)",40,"{'NN__alpha': 0.1, 'NN__hidden_layer_sizes': (100, 25, 100), 'km__n_clusters': 40}",0.6208791208791209,0.6291208791208791,0.5851648351648352,0.5659340659340659,0.6098901098901099,0.6021978021978023,0.02340169169126028,24
45,0.3739218235015869,0.03313122866220154,0.0009793281555175782,7.437721217697846e-05,0.01,"(50, 50)",2,"{'NN__alpha': 0.01, 'NN__hidden_layer_sizes': (50, 50), 'km__n_clusters': 2}",0.521978021978022,0.5,0.49725274725274726,0.5302197802197802,0.5,0.5098901098901099,0.01352586112647382,157
46,0.5731813907623291,0.024078175952149818,0.0010178089141845703,4.8042142354985633e-05,0.01,"(50, 50)",5,"{'NN__alpha': 0.01, 'NN__hidden_layer_sizes': (50, 50), 'km__n_clusters': 5}",0.5796703296703297,0.6126373626373627,0.6620879120879121,0.5357142857142857,0.6126373626373627,0.6005494505494505,0.041758241758241756,27
47,0.6712603569030762,0.046110292248580334,0.0010066986083984374,7.861634920964945e-05,0.01,"(50, 50)",10,"{'NN__alpha': 0.01, 'NN__hidden_layer_sizes': (50, 50), 'km__n_clusters': 10}",0.5851648351648352,0.6346153846153846,0.6373626373626373,0.5631868131868132,0.6071428571428571,0.6054945054945056,0.028529131836806946,18
48,0.7910861015319824,0.0373971924476755,0.0011112213134765625,7.85212542252314e-05,0.01,"(50, 50)",15,"{'NN__alpha': 0.01, 'NN__hidden_layer_sizes': (50, 50), 'km__n_clusters': 15}",0.6153846153846154,0.5851648351648352,0.6126373626373627,0.5467032967032966,0.5769230769230769,0.5873626373626374,0.025262777873786082,45
49,0.8520366668701171,0.02241086746698258,0.0011615276336669922,4.657271233748562e-05,0.01,"(50, 50)",20,"{'NN__alpha': 0.01, 'NN__hidden_layer_sizes': (50, 50), 'km__n_clusters': 20}",0.5714285714285714,0.6043956043956044,0.6071428571428571,0.5714285714285714,0.5576923076923077,0.5824175824175823,0.01973437911655819,49
50,1.0072935581207276,0.06657147944361817,0.0011346817016601562,5.7576857725494165e-05,0.01,"(50, 50)",25,"{'NN__alpha': 0.01, 'NN__hidden_layer_sizes': (50, 50), 'km__n_clusters': 25}",0.5467032967032966,0.6401098901098901,0.5989010989010989,0.5604395604395604,0.6318681318681318,0.5956043956043955,0.03724123780841877,31
51,1.1103460788726807,0.06818872274722475,0.0013028621673583985,0.00027978919946753647,0.01,"(50, 50)",30,"{'NN__alpha': 0.01, 'NN__hidden_layer_sizes': (50, 50), 'km__n_clusters': 30}",0.6236263736263736,0.5989010989010989,0.5604395604395604,0.5521978021978022,0.49175824175824173,0.5653846153846154,0.04502142950686044,70
52,1.1677658557891846,0.04871419581975863,0.0011525630950927734,3.515037058636115e-06,0.01,"(50, 50)",35,"{'NN__alpha': 0.01, 'NN__hidden_layer_sizes': (50, 50), 'km__n_clusters': 35}",0.5824175824175825,0.5494505494505495,0.6346153846153846,0.554945054945055,0.5439560439560439,0.573076923076923,0.03349395748160036,61
53,1.2863525867462158,0.04868620785696443,0.0012094497680664063,4.650284558338886e-05,0.01,"(50, 50)",40,"{'NN__alpha': 0.01, 'NN__hidden_layer_sizes': (50, 50), 'km__n_clusters': 40}",0.5796703296703297,0.5467032967032966,0.5467032967032966,0.510989010989011,0.5686813186813187,0.5505494505494506,0.023543170643547884,96
54,0.31699280738830565,0.022189627613582834,0.0008462905883789062,1.660297410587503e-05,0.01,"(50,)",2,"{'NN__alpha': 0.01, 'NN__hidden_layer_sizes': (50,), 'km__n_clusters': 2}",0.47802197802197804,0.532967032967033,0.46703296703296704,0.5082417582417582,0.4835164835164835,0.493956043956044,0.023722014444970213,176
55,0.5030605316162109,0.02985868622613509,0.0008332252502441407,4.170878023145297e-05,0.01,"(50,)",5,"{'NN__alpha': 0.01, 'NN__hidden_layer_sizes': (50,), 'km__n_clusters': 5}",0.6098901098901099,0.5357142857142857,0.6043956043956044,0.554945054945055,0.5604395604395604,0.573076923076923,0.029053415530554478,61
56,0.6104620933532715,0.04225877303199223,0.0008718967437744141,3.332678997150941e-05,0.01,"(50,)",10,"{'NN__alpha': 0.01, 'NN__hidden_layer_sizes': (50,), 'km__n_clusters': 10}",0.5741758241758241,0.5631868131868132,0.510989010989011,0.4945054945054945,0.5027472527472527,0.5291208791208791,0.032902867959516184,141
57,0.7426642894744873,0.017429247754153335,0.000999116897583008,7.636299584838384e-05,0.01,"(50,)",15,"{'NN__alpha': 0.01, 'NN__hidden_layer_sizes': (50,), 'km__n_clusters': 15}",0.5439560439560439,0.4725274725274725,0.5686813186813187,0.521978021978022,0.5879120879120879,0.5390109890109891,0.04001569550776511,116
58,0.8611472606658935,0.06194566755147653,0.0010051727294921875,7.825201413378532e-05,0.01,"(50,)",20,"{'NN__alpha': 0.01, 'NN__hidden_layer_sizes': (50,), 'km__n_clusters': 20}",0.5796703296703297,0.5906593406593407,0.6043956043956044,0.5604395604395604,0.532967032967033,0.5736263736263736,0.02490169053543881,58
59,0.9844778537750244,0.05580385252756913,0.0010144233703613282,4.808150309647234e-05,0.01,"(50,)",25,"{'NN__alpha': 0.01, 'NN__hidden_layer_sizes': (50,), 'km__n_clusters': 25}",0.5659340659340659,0.5137362637362637,0.6071428571428571,0.532967032967033,0.5412087912087912,0.5521978021978021,0.03217923178977213,95
60,1.0358296871185302,0.03956646335809939,0.0010456562042236329,3.280431718668667e-05,0.01,"(50,)",30,"{'NN__alpha': 0.01, 'NN__hidden_layer_sizes': (50,), 'km__n_clusters': 30}",0.5357142857142857,0.5659340659340659,0.521978021978022,0.5137362637362637,0.4835164835164835,0.5241758241758242,0.026995864827556584,155
61,1.1339252948760987,0.028536279723016426,0.0011467933654785156,6.744068934523986e-05,0.01,"(50,)",35,"{'NN__alpha': 0.01, 'NN__hidden_layer_sizes': (50,), 'km__n_clusters': 35}",0.5741758241758241,0.5,0.4835164835164835,0.5274725274725275,0.5686813186813187,0.5307692307692309,0.0360884876344462,136
62,1.2735666751861572,0.040000358719227226,0.0011144161224365234,5.9948008492067715e-05,0.01,"(50,)",40,"{'NN__alpha': 0.01, 'NN__hidden_layer_sizes': (50,), 'km__n_clusters': 40}",0.5082417582417582,0.5192307692307693,0.5467032967032966,0.5906593406593407,0.5604395604395604,0.5450549450549451,0.029466126764377855,102
63,0.3408495426177979,0.02235360792157007,0.000850057601928711,4.1729817554957794e-05,0.01,"(25,)",2,"{'NN__alpha': 0.01, 'NN__hidden_layer_sizes': (25,), 'km__n_clusters': 2}",0.510989010989011,0.4807692307692308,0.4807692307692308,0.46703296703296704,0.49175824175824173,0.4862637362637363,0.014640563290631002,180
64,0.4967611312866211,0.03003601769993374,0.0008572578430175781,4.602568008248159e-05,0.01,"(25,)",5,"{'NN__alpha': 0.01, 'NN__hidden_layer_sizes': (25,), 'km__n_clusters': 5}",0.5,0.5989010989010989,0.5659340659340659,0.48626373626373626,0.510989010989011,0.5324175824175824,0.04285714285714286,129
65,0.5830657958984375,0.03303276482842095,0.0008270740509033203,3.664114274131816e-05,0.01,"(25,)",10,"{'NN__alpha': 0.01, 'NN__hidden_layer_sizes': (25,), 'km__n_clusters': 10}",0.5082417582417582,0.49725274725274726,0.5,0.5384615384615384,0.5824175824175825,0.5252747252747253,0.03210409045712428,151
66,0.7199507713317871,0.03804084281436359,0.0009449005126953125,5.193529430577482e-05,0.01,"(25,)",15,"{'NN__alpha': 0.01, 'NN__hidden_layer_sizes': (25,), 'km__n_clusters': 15}",0.5439560439560439,0.5,0.5906593406593407,0.5384615384615384,0.6208791208791209,0.5587912087912088,0.042332659965402704,78
67,0.8278409957885742,0.01701210873815709,0.0010695457458496094,0.00010552795228888794,0.01,"(25,)",20,"{'NN__alpha': 0.01, 'NN__hidden_layer_sizes': (25,), 'km__n_clusters': 20}",0.5467032967032966,0.5879120879120879,0.510989010989011,0.5164835164835165,0.4835164835164835,0.5291208791208791,0.03559150492461901,141
68,0.9351958751678466,0.037821052602135564,0.0009888172149658202,7.715508133990481e-05,0.01,"(25,)",25,"{'NN__alpha': 0.01, 'NN__hidden_layer_sizes': (25,), 'km__n_clusters': 25}",0.554945054945055,0.5824175824175825,0.5412087912087912,0.5494505494505495,0.5686813186813187,0.5593406593406594,0.014599264017127949,76
69,1.0140328884124756,0.02756239573939919,0.001042652130126953,4.839965274876376e-05,0.01,"(25,)",30,"{'NN__alpha': 0.01, 'NN__hidden_layer_sizes': (25,), 'km__n_clusters': 30}",0.44505494505494503,0.6401098901098901,0.5137362637362637,0.554945054945055,0.5357142857142857,0.5379120879120879,0.06316052965053429,122
70,1.1161742210388184,0.02429912343040461,0.0010531425476074218,5.755394869951718e-05,0.01,"(25,)",35,"{'NN__alpha': 0.01, 'NN__hidden_layer_sizes': (25,), 'km__n_clusters': 35}",0.5,0.46153846153846156,0.5,0.5164835164835165,0.5247252747252747,0.5005494505494505,0.021729362564049663,167
71,1.2502774238586425,0.046727636598138375,0.001088094711303711,4.1637850963205555e-05,0.01,"(25,)",40,"{'NN__alpha': 0.01, 'NN__hidden_layer_sizes': (25,), 'km__n_clusters': 40}",0.5576923076923077,0.489010989010989,0.5576923076923077,0.5521978021978022,0.5961538461538461,0.5505494505494506,0.0345586487769591,96
72,0.3434134006500244,0.03238511653605442,0.0008910179138183593,3.505139102570649e-05,0.01,"(25, 25)",2,"{'NN__alpha': 0.01, 'NN__hidden_layer_sizes': (25, 25), 'km__n_clusters': 2}",0.49725274725274726,0.5137362637362637,0.5082417582417582,0.510989010989011,0.5,0.506043956043956,0.006360349946588013,159
73,0.5301124572753906,0.06318809276578143,0.0008910179138183593,3.201293058913465e-05,0.01,"(25, 25)",5,"{'NN__alpha': 0.01, 'NN__hidden_layer_sizes': (25, 25), 'km__n_clusters': 5}",0.5412087912087912,0.49175824175824173,0.6346153846153846,0.5082417582417582,0.5439560439560439,0.5439560439560439,0.04945054945054945,105
74,0.6191171646118164,0.03679056428222304,0.001031780242919922,0.0001323388149520225,0.01,"(25, 25)",10,"{'NN__alpha': 0.01, 'NN__hidden_layer_sizes': (25, 25), 'km__n_clusters': 10}",0.46153846153846156,0.5,0.6181318681318682,0.5659340659340659,0.5,0.5291208791208792,0.05575231162182779,140
75,0.7167974472045898,0.026815481156915937,0.0010032176971435547,4.35578150846433e-05,0.01,"(25, 25)",15,"{'NN__alpha': 0.01, 'NN__hidden_layer_sizes': (25, 25), 'km__n_clusters': 15}",0.5576923076923077,0.5934065934065934,0.5,0.5027472527472527,0.5494505494505495,0.5406593406593407,0.03532757671577695,113
76,0.8305346488952636,0.019550608380730753,0.0010251998901367188,5.540634387531137e-05,0.01,"(25, 25)",20,"{'NN__alpha': 0.01, 'NN__hidden_layer_sizes': (25, 25), 'km__n_clusters': 20}",0.554945054945055,0.6208791208791209,0.5274725274725275,0.5302197802197802,0.5604395604395604,0.5587912087912088,0.03367374383746058,78
77,0.9781960487365723,0.04413234711554376,0.0010671138763427735,4.068385140735849e-05,0.01,"(25, 25)",25,"{'NN__alpha': 0.01, 'NN__hidden_layer_sizes': (25, 25), 'km__n_clusters': 25}",0.5,0.49725274725274726,0.5604395604395604,0.5439560439560439,0.5879120879120879,0.537912087912088,0.03502720318793237,121
78,1.0809737205505372,0.00755609125385766,0.0011432170867919922,3.367598077277347e-05,0.01,"(25, 25)",30,"{'NN__alpha': 0.01, 'NN__hidden_layer_sizes': (25, 25), 'km__n_clusters': 30}",0.554945054945055,0.5192307692307693,0.5989010989010989,0.5604395604395604,0.5,0.5467032967032968,0.03440104580768906,99
79,1.1815516471862793,0.03771160009909534,0.001233053207397461,6.692021766059811e-05,0.01,"(25, 25)",35,"{'NN__alpha': 0.01, 'NN__hidden_layer_sizes': (25, 25), 'km__n_clusters': 35}",0.5357142857142857,0.5357142857142857,0.5769230769230769,0.5027472527472527,0.5521978021978022,0.5406593406593407,0.024225722730822633,113
80,1.2493156433105468,0.031194119376326858,0.0011897563934326171,8.332889989196575e-05,0.01,"(25, 25)",40,"{'NN__alpha': 0.01, 'NN__hidden_layer_sizes': (25, 25), 'km__n_clusters': 40}",0.6208791208791209,0.521978021978022,0.5989010989010989,0.5439560439560439,0.5576923076923077,0.5686813186813187,0.03619707492747385,66
81,0.40506644248962403,0.05046214563534481,0.001151895523071289,6.145922297225758e-05,0.01,"(100, 25, 100)",2,"{'NN__alpha': 0.01, 'NN__hidden_layer_sizes': (100, 25, 100), 'km__n_clusters': 2}",0.47527472527472525,0.49725274725274726,0.489010989010989,0.5192307692307693,0.5,0.49615384615384617,0.014390989949130567,170
82,0.6340867519378662,0.07440528047080545,0.0011524200439453126,2.3538374569478032e-05,0.01,"(100, 25, 100)",5,"{'NN__alpha': 0.01, 'NN__hidden_layer_sizes': (100, 25, 100), 'km__n_clusters': 5}",0.6648351648351648,0.6593406593406593,0.6401098901098901,0.5796703296703297,0.6456043956043956,0.6379120879120879,0.030463552254129892,5
83,0.7895679950714112,0.06121049465583327,0.0012096405029296876,5.9544838464909026e-05,0.01,"(100, 25, 100)",10,"{'NN__alpha': 0.01, 'NN__hidden_layer_sizes': (100, 25, 100), 'km__n_clusters': 10}",0.6428571428571429,0.6620879120879121,0.6181318681318682,0.6153846153846154,0.6703296703296703,0.6417582417582417,0.02229171733527557,3
84,0.9316047191619873,0.13913763015864497,0.0013759136199951172,4.2273436128922405e-05,0.01,"(100, 25, 100)",15,"{'NN__alpha': 0.01, 'NN__hidden_layer_sizes': (100, 25, 100), 'km__n_clusters': 15}",0.6456043956043956,0.6703296703296703,0.5714285714285714,0.5357142857142857,0.532967032967033,0.5912087912087911,0.05671330519049084,38
85,0.9717580318450928,0.07193225143388364,0.0014141559600830077,0.00012718996364621612,0.01,"(100, 25, 100)",20,"{'NN__alpha': 0.01, 'NN__hidden_layer_sizes': (100, 25, 100), 'km__n_clusters': 20}",0.6071428571428571,0.6318681318681318,0.6098901098901099,0.5934065934065934,0.5796703296703297,0.6043956043956045,0.017461811628649102,21
86,1.1727374076843262,0.13972800516924444,0.0014365196228027343,6.12765248401169e-05,0.01,"(100, 25, 100)",25,"{'NN__alpha': 0.01, 'NN__hidden_layer_sizes': (100, 25, 100), 'km__n_clusters': 25}",0.6071428571428571,0.6043956043956044,0.6401098901098901,0.6346153846153846,0.5604395604395604,0.6093406593406593,0.028306037082178572,15
87,1.1700343132019042,0.12141746269664995,0.001429605484008789,6.14540063347291e-05,0.01,"(100, 25, 100)",30,"{'NN__alpha': 0.01, 'NN__hidden_layer_sizes': (100, 25, 100), 'km__n_clusters': 30}",0.5604395604395604,0.5384615384615384,0.5961538461538461,0.6016483516483516,0.5769230769230769,0.5747252747252748,0.02327232811488722,56
88,1.3317310333251953,0.06153221063853842,0.0013852119445800781,4.0320522278197903e-05,0.01,"(100, 25, 100)",35,"{'NN__alpha': 0.01, 'NN__hidden_layer_sizes': (100, 25, 100), 'km__n_clusters': 35}",0.6181318681318682,0.6428571428571429,0.6016483516483516,0.6098901098901099,0.6785714285714286,0.6302197802197803,0.027832802509700976,8
89,1.3895647525787354,0.06091174927150445,0.0014049530029296875,5.584685365921958e-05,0.01,"(100, 25, 100)",40,"{'NN__alpha': 0.01, 'NN__hidden_layer_sizes': (100, 25, 100), 'km__n_clusters': 40}",0.6263736263736264,0.6236263736263736,0.6043956043956044,0.532967032967033,0.5879120879120879,0.595054945054945,0.034030467180663784,32
90,0.37340855598449707,0.04364179046804213,0.001048707962036133,0.00010514000913251099,0.001,"(50, 50)",2,"{'NN__alpha': 0.001, 'NN__hidden_layer_sizes': (50, 50), 'km__n_clusters': 2}",0.521978021978022,0.45054945054945056,0.49725274725274726,0.489010989010989,0.5,0.4917582417582418,0.023311212566589485,179
91,0.5469245433807373,0.012814505441978437,0.0009814262390136718,7.313049885321984e-05,0.001,"(50, 50)",5,"{'NN__alpha': 0.001, 'NN__hidden_layer_sizes': (50, 50), 'km__n_clusters': 5}",0.5934065934065934,0.6126373626373627,0.6373626373626373,0.5357142857142857,0.6263736263736264,0.6010989010989011,0.0358366458442205,25
92,0.7011651515960693,0.058864434012791546,0.0009875297546386719,2.9134321131564567e-05,0.001,"(50, 50)",10,"{'NN__alpha': 0.001, 'NN__hidden_layer_sizes': (50, 50), 'km__n_clusters': 10}",0.6236263736263736,0.6401098901098901,0.6318681318681318,0.6181318681318682,0.5906593406593407,0.6208791208791209,0.016845834853577882,9
93,0.7843527317047119,0.03867114708371322,0.0011148929595947265,0.00013826940734961262,0.001,"(50, 50)",15,"{'NN__alpha': 0.001, 'NN__hidden_layer_sizes': (50, 50), 'km__n_clusters': 15}",0.6620879120879121,0.5851648351648352,0.6043956043956044,0.532967032967033,0.5659340659340659,0.5901098901098901,0.043032888459783016,39
94,0.8595033645629883,0.028924722088815014,0.0011677265167236329,7.979387933240035e-05,0.001,"(50, 50)",20,"{'NN__alpha': 0.001, 'NN__hidden_layer_sizes': (50, 50), 'km__n_clusters': 20}",0.5741758241758241,0.6043956043956044,0.6071428571428571,0.554945054945055,0.5659340659340659,0.5813186813186813,0.02089357510091376,51
95,1.0193368434906005,0.09296537954205954,0.0011612415313720704,5.9391900910617864e-05,0.001,"(50, 50)",25,"{'NN__alpha': 0.001, 'NN__hidden_layer_sizes': (50, 50), 'km__n_clusters': 25}",0.5494505494505495,0.6291208791208791,0.5989010989010989,0.5851648351648352,0.6593406593406593,0.6043956043956044,0.03754802101817555,22
96,1.126766300201416,0.06987189987057028,0.0011585712432861327,4.341591196606286e-05,0.001,"(50, 50)",30,"{'NN__alpha': 0.001, 'NN__hidden_layer_sizes': (50, 50), 'km__n_clusters': 30}",0.5934065934065934,0.5824175824175825,0.6126373626373627,0.5082417582417582,0.5302197802197802,0.5653846153846154,0.03952226485352627,70
97,1.1631728649139403,0.019331765246244303,0.0011847972869873046,5.3742868985948406e-05,0.001,"(50, 50)",35,"{'NN__alpha': 0.001, 'NN__hidden_layer_sizes': (50, 50), 'km__n_clusters': 35}",0.5439560439560439,0.5467032967032966,0.6263736263736264,0.5576923076923077,0.5384615384615384,0.5626373626373626,0.032478058694794844,72
98,1.2658335208892821,0.03364952771179857,0.001226329803466797,7.543913475065116e-05,0.001,"(50, 50)",40,"{'NN__alpha': 0.001, 'NN__hidden_layer_sizes': (50, 50), 'km__n_clusters': 40}",0.5494505494505495,0.532967032967033,0.5576923076923077,0.49725274725274726,0.5686813186813187,0.5412087912087913,0.024877431698179714,110
99,0.33670663833618164,0.017824931068637317,0.0009249210357666016,5.0833748524949156e-05,0.001,"(50,)",2,"{'NN__alpha': 0.001, 'NN__hidden_layer_sizes': (50,), 'km__n_clusters': 2}",0.47802197802197804,0.532967032967033,0.46703296703296704,0.5082417582417582,0.489010989010989,0.4950549450549451,0.023337099540214606,174
100,0.5056187629699707,0.028042749699116194,0.0008511066436767579,5.8405136104768746e-05,0.001,"(50,)",5,"{'NN__alpha': 0.001, 'NN__hidden_layer_sizes': (50,), 'km__n_clusters': 5}",0.5082417582417582,0.5412087912087912,0.5851648351648352,0.554945054945055,0.5879120879120879,0.5554945054945055,0.02955819265123687,87
101,0.6539530754089355,0.06707327346108141,0.0008870124816894531,3.9436941055560815e-05,0.001,"(50,)",10,"{'NN__alpha': 0.001, 'NN__hidden_layer_sizes': (50,), 'km__n_clusters': 10}",0.5851648351648352,0.5659340659340659,0.5054945054945055,0.49725274725274726,0.5027472527472527,0.5313186813186813,0.03671875702550247,135
102,0.7551312923431397,0.025973179194837465,0.0009446620941162109,3.583690592047569e-05,0.001,"(50,)",15,"{'NN__alpha': 0.001, 'NN__hidden_layer_sizes': (50,), 'km__n_clusters': 15}",0.5439560439560439,0.4725274725274725,0.5686813186813187,0.521978021978022,0.5851648351648352,0.5384615384615385,0.039353856218615355,117
103,0.8313090801239014,0.04254916069144194,0.0009969711303710938,3.9749060848533984e-05,0.001,"(50,)",20,"{'NN__alpha': 0.001, 'NN__hidden_layer_sizes': (50,), 'km__n_clusters': 20}",0.5796703296703297,0.5934065934065934,0.6043956043956044,0.5631868131868132,0.5274725274725275,0.5736263736263736,0.02688380180818695,58
104,0.9414626121520996,0.03062321147946005,0.0010166168212890625,9.009282576248713e-05,0.001,"(50,)",25,"{'NN__alpha': 0.001, 'NN__hidden_layer_sizes': (50,), 'km__n_clusters': 25}",0.5741758241758241,0.5521978021978022,0.6208791208791209,0.5604395604395604,0.5961538461538461,0.5807692307692307,0.02497432566453519,53
105,1.0041432857513428,0.024468072499550214,0.001096630096435547,0.00017117727418319829,0.001,"(50,)",30,"{'NN__alpha': 0.001, 'NN__hidden_layer_sizes': (50,), 'km__n_clusters': 30}",0.5357142857142857,0.5686813186813187,0.5631868131868132,0.5164835164835165,0.4835164835164835,0.5335164835164836,0.031342770762531114,127
106,1.1371284961700439,0.024538032151731302,0.0011764049530029296,3.0233656867741867e-05,0.001,"(50,)",35,"{'NN__alpha': 0.001, 'NN__hidden_layer_sizes': (50,), 'km__n_clusters': 35}",0.5741758241758241,0.5,0.4835164835164835,0.5302197802197802,0.5686813186813187,0.5313186813186814,0.036055010365984415,133
107,1.2396004676818848,0.033330837160772564,0.001135540008544922,7.702010995701554e-05,0.001,"(50,)",40,"{'NN__alpha': 0.001, 'NN__hidden_layer_sizes': (50,), 'km__n_clusters': 40}",0.5,0.5164835164835165,0.5439560439560439,0.5439560439560439,0.5467032967032966,0.5302197802197801,0.01871361139112788,139
108,0.3316070556640625,0.010403502010016243,0.0008472919464111329,2.6772782250155893e-05,0.001,"(25,)",2,"{'NN__alpha': 0.001, 'NN__hidden_layer_sizes': (25,), 'km__n_clusters': 2}",0.510989010989011,0.48626373626373626,0.521978021978022,0.46703296703296704,0.49175824175824173,0.4956043956043956,0.019238616923089667,171
109,0.49658894538879395,0.03478951079827347,0.0008246421813964844,4.30056892558393e-05,0.001,"(25,)",5,"{'NN__alpha': 0.001, 'NN__hidden_layer_sizes': (25,), 'km__n_clusters': 5}",0.5,0.5989010989010989,0.5659340659340659,0.48626373626373626,0.510989010989011,0.5324175824175824,0.04285714285714286,129
110,0.588991117477417,0.04166389260510089,0.0008092880249023438,2.9843149829803863e-05,0.001,"(25,)",10,"{'NN__alpha': 0.001, 'NN__hidden_layer_sizes': (25,), 'km__n_clusters': 10}",0.5082417582417582,0.49725274725274726,0.5,0.5384615384615384,0.5824175824175825,0.5252747252747253,0.03210409045712428,151
111,0.7199277400970459,0.032655312383405834,0.0010126590728759765,0.00014285062404961567,0.001,"(25,)",15,"{'NN__alpha': 0.001, 'NN__hidden_layer_sizes': (25,), 'km__n_clusters': 15}",0.5439560439560439,0.5,0.5906593406593407,0.5384615384615384,0.6126373626373627,0.5571428571428572,0.03997795552435441,83
112,0.8150097370147705,0.046004507273633845,0.0009842395782470703,4.373805566424565e-05,0.001,"(25,)",20,"{'NN__alpha': 0.001, 'NN__hidden_layer_sizes': (25,), 'km__n_clusters': 20}",0.5467032967032966,0.5879120879120879,0.510989010989011,0.5164835164835165,0.4835164835164835,0.5291208791208791,0.03559150492461901,141
113,0.9484939098358154,0.010552571875871731,0.0010347366333007812,0.000100215925224152,0.001,"(25,)",25,"{'NN__alpha': 0.001, 'NN__hidden_layer_sizes': (25,), 'km__n_clusters': 25}",0.554945054945055,0.5824175824175825,0.5439560439560439,0.5494505494505495,0.5686813186813187,0.5598901098901099,0.013943491802691792,75
114,1.0463810443878174,0.03323629027025051,0.001028728485107422,6.457639285898932e-05,0.001,"(25,)",30,"{'NN__alpha': 0.001, 'NN__hidden_layer_sizes': (25,), 'km__n_clusters': 30}",0.44505494505494503,0.6401098901098901,0.5137362637362637,0.5521978021978022,0.5357142857142857,0.5373626373626373,0.06302176245687766,124
115,1.1548999309539796,0.051077487415801696,0.001065969467163086,6.839247949312972e-05,0.001,"(25,)",35,"{'NN__alpha': 0.001, 'NN__hidden_layer_sizes': (25,), 'km__n_clusters': 35}",0.5,0.45604395604395603,0.5,0.510989010989011,0.5247252747252747,0.49835164835164836,0.02302453498874392,169
116,1.278673028945923,0.05838620673378589,0.0011072158813476562,0.00013822899792157155,0.001,"(25,)",40,"{'NN__alpha': 0.001, 'NN__hidden_layer_sizes': (25,), 'km__n_clusters': 40}",0.5467032967032966,0.489010989010989,0.5576923076923077,0.5027472527472527,0.5961538461538461,0.5384615384615384,0.03869630079485497,119
117,0.31993765830993653,0.021530573573562858,0.0008849620819091797,4.042201212272377e-05,0.001,"(25, 25)",2,"{'NN__alpha': 0.001, 'NN__hidden_layer_sizes': (25, 25), 'km__n_clusters': 2}",0.49725274725274726,0.5137362637362637,0.5082417582417582,0.510989010989011,0.5,0.506043956043956,0.006360349946588013,159
118,0.5541837692260743,0.060418963165264725,0.0009120941162109375,4.703959292302479e-05,0.001,"(25, 25)",5,"{'NN__alpha': 0.001, 'NN__hidden_layer_sizes': (25, 25), 'km__n_clusters': 5}",0.5082417582417582,0.5027472527472527,0.6346153846153846,0.5164835164835165,0.5439560439560439,0.5412087912087912,0.048805314266379005,112
119,0.6011047840118409,0.03222441631645211,0.0009301185607910156,5.341138128960037e-05,0.001,"(25, 25)",10,"{'NN__alpha': 0.001, 'NN__hidden_layer_sizes': (25, 25), 'km__n_clusters': 10}",0.46153846153846156,0.5,0.6071428571428571,0.5659340659340659,0.5,0.5269230769230769,0.05231046257323912,148
120,0.7551402091979981,0.054742889951423596,0.0010766029357910157,0.00011191029821873659,0.001,"(25, 25)",15,"{'NN__alpha': 0.001, 'NN__hidden_layer_sizes': (25, 25), 'km__n_clusters': 15}",0.5604395604395604,0.5934065934065934,0.5,0.5274725274725275,0.5412087912087912,0.5445054945054945,0.031390894191397144,104
121,0.8255882263183594,0.012052915494590324,0.0010070323944091797,2.056346077801099e-05,0.001,"(25, 25)",20,"{'NN__alpha': 0.001, 'NN__hidden_layer_sizes': (25, 25), 'km__n_clusters': 20}",0.554945054945055,0.6208791208791209,0.5274725274725275,0.5302197802197802,0.5604395604395604,0.5587912087912088,0.03367374383746058,78
122,0.9742879390716552,0.027036543401977815,0.0010882377624511718,4.7250833181359995e-05,0.001,"(25, 25)",25,"{'NN__alpha': 0.001, 'NN__hidden_layer_sizes': (25, 25), 'km__n_clusters': 25}",0.5,0.5,0.5604395604395604,0.5439560439560439,0.5879120879120879,0.5384615384615385,0.034401045807689073,117
123,1.0696437358856201,0.03700186586121804,0.0011629104614257813,3.249588383032511e-05,0.001,"(25, 25)",30,"{'NN__alpha': 0.001, 'NN__hidden_layer_sizes': (25, 25), 'km__n_clusters': 30}",0.554945054945055,0.5192307692307693,0.6016483516483516,0.5604395604395604,0.5439560439560439,0.5560439560439561,0.026838845586417154,86
124,1.1754491329193115,0.03074631296932022,0.0011546611785888672,8.155072559543372e-05,0.001,"(25, 25)",35,"{'NN__alpha': 0.001, 'NN__hidden_layer_sizes': (25, 25), 'km__n_clusters': 35}",0.5412087912087912,0.5631868131868132,0.5934065934065934,0.5027472527472527,0.5686813186813187,0.5538461538461539,0.030473460711784722,90
125,1.26694974899292,0.041975842406184585,0.001293039321899414,0.00016823762371779343,0.001,"(25, 25)",40,"{'NN__alpha': 0.001, 'NN__hidden_layer_sizes': (25, 25), 'km__n_clusters': 40}",0.5796703296703297,0.521978021978022,0.5989010989010989,0.5412087912087912,0.5604395604395604,0.5604395604395604,0.027196414661021056,74
126,0.38855934143066406,0.012451317806913888,0.0013449668884277343,0.0002639482288116478,0.001,"(100, 25, 100)",2,"{'NN__alpha': 0.001, 'NN__hidden_layer_sizes': (100, 25, 100), 'km__n_clusters': 2}",0.47527472527472525,0.5,0.49725274725274726,0.48626373626373626,0.5467032967032966,0.5010989010989011,0.024424297550431708,164
127,0.6948770046234131,0.07031465139347334,0.0012258529663085938,5.202916175355384e-05,0.001,"(100, 25, 100)",5,"{'NN__alpha': 0.001, 'NN__hidden_layer_sizes': (100, 25, 100), 'km__n_clusters': 5}",0.6565934065934066,0.6593406593406593,0.6538461538461539,0.5989010989010989,0.6648351648351648,0.6467032967032967,0.02417582417582418,1
128,0.7773384094238281,0.06575034624035041,0.0011935234069824219,6.470945531344365e-05,0.001,"(100, 25, 100)",10,"{'NN__alpha': 0.001, 'NN__hidden_layer_sizes': (100, 25, 100), 'km__n_clusters': 10}",0.7032967032967034,0.6318681318681318,0.6346153846153846,0.5439560439560439,0.6456043956043956,0.6318681318681318,0.051042743571400435,6
129,0.9124782085418701,0.08940297190665951,0.0012750625610351562,5.917912225396276e-05,0.001,"(100, 25, 100)",15,"{'NN__alpha': 0.001, 'NN__hidden_layer_sizes': (100, 25, 100), 'km__n_clusters': 15}",0.6236263736263736,0.6043956043956044,0.6043956043956044,0.5686813186813187,0.5604395604395604,0.5923076923076923,0.02386159423143787,36
130,0.9806824207305909,0.12236061600402454,0.0013298988342285156,7.993019756058477e-05,0.001,"(100, 25, 100)",20,"{'NN__alpha': 0.001, 'NN__hidden_layer_sizes': (100, 25, 100), 'km__n_clusters': 20}",0.6346153846153846,0.6373626373626373,0.6126373626373627,0.5906593406593407,0.5741758241758241,0.6098901098901098,0.02457217557692076,14
131,1.0539771556854247,0.07393675756123701,0.0013351917266845703,6.028915269942828e-05,0.001,"(100, 25, 100)",25,"{'NN__alpha': 0.001, 'NN__hidden_layer_sizes': (100, 25, 100), 'km__n_clusters': 25}",0.6208791208791209,0.6153846153846154,0.5576923076923077,0.6263736263736264,0.5467032967032966,0.5934065934065934,0.03400384274014464,34
132,1.1189423084259034,0.06074376903561055,0.001361703872680664,7.229574715847154e-05,0.001,"(100, 25, 100)",30,"{'NN__alpha': 0.001, 'NN__hidden_layer_sizes': (100, 25, 100), 'km__n_clusters': 30}",0.5631868131868132,0.6236263736263736,0.6373626373626373,0.5686813186813187,0.554945054945055,0.5895604395604396,0.033986081525696946,41
133,1.3138133525848388,0.11116822676486528,0.0013687610626220703,8.930181041292357e-05,0.001,"(100, 25, 100)",35,"{'NN__alpha': 0.001, 'NN__hidden_layer_sizes': (100, 25, 100), 'km__n_clusters': 35}",0.6593406593406593,0.5989010989010989,0.5961538461538461,0.5989010989010989,0.6263736263736264,0.615934065934066,0.024350021765011363,11
134,1.453670597076416,0.08891727045811416,0.0015455722808837891,0.0001327810069624575,0.001,"(100, 25, 100)",40,"{'NN__alpha': 0.001, 'NN__hidden_layer_sizes': (100, 25, 100), 'km__n_clusters': 40}",0.6016483516483516,0.5851648351648352,0.6318681318681318,0.5576923076923077,0.5686813186813187,0.589010989010989,0.026097455136347057,43
135,0.3508437156677246,0.02365298889014398,0.0009549617767333985,4.2354736801979944e-05,0.0001,"(50, 50)",2,"{'NN__alpha': 0.0001, 'NN__hidden_layer_sizes': (50, 50), 'km__n_clusters': 2}",0.5,0.4835164835164835,0.49725274725274726,0.4835164835164835,0.5,0.4928571428571429,0.007692307692307692,178
136,0.5353251934051514,0.03704448952288678,0.0010141849517822266,2.80793527687867e-05,0.0001,"(50, 50)",5,"{'NN__alpha': 0.0001, 'NN__hidden_layer_sizes': (50, 50), 'km__n_clusters': 5}",0.5989010989010989,0.5467032967032966,0.6208791208791209,0.5357142857142857,0.6098901098901099,0.5824175824175823,0.034532431565869624,49
137,0.7205819606781005,0.0932885918069493,0.0010408401489257813,0.00010387868762988906,0.0001,"(50, 50)",10,"{'NN__alpha': 0.0001, 'NN__hidden_layer_sizes': (50, 50), 'km__n_clusters': 10}",0.5741758241758241,0.6346153846153846,0.6428571428571429,0.5796703296703297,0.5961538461538461,0.6054945054945056,0.028209884951633932,18
138,0.7732679843902588,0.04505750045941053,0.0010800361633300781,9.995364469029122e-05,0.0001,"(50, 50)",15,"{'NN__alpha': 0.0001, 'NN__hidden_layer_sizes': (50, 50), 'km__n_clusters': 15}",0.6538461538461539,0.5851648351648352,0.5439560439560439,0.554945054945055,0.6428571428571429,0.596153846153846,0.04484001266616082,29
139,0.8214495182037354,0.018081271088308395,0.0011034011840820312,4.1020191951648577e-05,0.0001,"(50, 50)",20,"{'NN__alpha': 0.0001, 'NN__hidden_layer_sizes': (50, 50), 'km__n_clusters': 20}",0.5769230769230769,0.5906593406593407,0.6098901098901099,0.5714285714285714,0.5961538461538461,0.5890109890109889,0.013747248355161355,44
140,0.966590690612793,0.05059583340574606,0.0011208534240722656,6.423341661113713e-05,0.0001,"(50, 50)",25,"{'NN__alpha': 0.0001, 'NN__hidden_layer_sizes': (50, 50), 'km__n_clusters': 25}",0.5521978021978022,0.6126373626373627,0.5989010989010989,0.5906593406593407,0.6703296703296703,0.6049450549450549,0.03835936192463087,20
141,1.0712997913360596,0.06704302554374382,0.0011172771453857421,3.565626173882856e-05,0.0001,"(50, 50)",30,"{'NN__alpha': 0.0001, 'NN__hidden_layer_sizes': (50, 50), 'km__n_clusters': 30}",0.5989010989010989,0.5961538461538461,0.6181318681318682,0.5137362637362637,0.532967032967033,0.5719780219780219,0.04087409871076329,63
142,1.1685840606689453,0.049853079307540536,0.001161670684814453,5.597174604012287e-05,0.0001,"(50, 50)",35,"{'NN__alpha': 0.0001, 'NN__hidden_layer_sizes': (50, 50), 'km__n_clusters': 35}",0.6098901098901099,0.5521978021978022,0.6758241758241759,0.5686813186813187,0.5274725274725275,0.5868131868131868,0.05196884429813555,47
143,1.2639638423919677,0.05764043803936619,0.001161956787109375,1.4035222030912035e-05,0.0001,"(50, 50)",40,"{'NN__alpha': 0.0001, 'NN__hidden_layer_sizes': (50, 50), 'km__n_clusters': 40}",0.5576923076923077,0.5412087912087912,0.5631868131868132,0.5384615384615384,0.5659340659340659,0.5532967032967033,0.011340531560741931,92
144,0.3313863754272461,0.018319532170651784,0.0008663177490234375,3.744723368930703e-05,0.0001,"(50,)",2,"{'NN__alpha': 0.0001, 'NN__hidden_layer_sizes': (50,), 'km__n_clusters': 2}",0.47802197802197804,0.532967032967033,0.46703296703296704,0.5082417582417582,0.489010989010989,0.4950549450549451,0.023337099540214606,174
145,0.4689757823944092,0.04790186444840173,0.0008241653442382813,5.7069260789402696e-06,0.0001,"(50,)",5,"{'NN__alpha': 0.0001, 'NN__hidden_layer_sizes': (50,), 'km__n_clusters': 5}",0.5247252747252747,0.5576923076923077,0.47802197802197804,0.554945054945055,0.5137362637362637,0.525824175824176,0.02931204102933878,150
146,0.5991054058074952,0.046436901227382046,0.0008447170257568359,3.0030142715993658e-05,0.0001,"(50,)",10,"{'NN__alpha': 0.0001, 'NN__hidden_layer_sizes': (50,), 'km__n_clusters': 10}",0.5494505494505495,0.5686813186813187,0.4697802197802198,0.5082417582417582,0.5027472527472527,0.5197802197802198,0.0351991590726307,156
147,0.7000385284423828,0.01868037437323566,0.0009364128112792969,1.218279279895723e-05,0.0001,"(50,)",15,"{'NN__alpha': 0.0001, 'NN__hidden_layer_sizes': (50,), 'km__n_clusters': 15}",0.5467032967032966,0.4725274725274725,0.5686813186813187,0.521978021978022,0.521978021978022,0.5263736263736264,0.03206645376135136,149
148,0.8070876121520996,0.03442268748047,0.0009764671325683594,1.9781904303133433e-05,0.0001,"(50,)",20,"{'NN__alpha': 0.0001, 'NN__hidden_layer_sizes': (50,), 'km__n_clusters': 20}",0.5796703296703297,0.5934065934065934,0.6043956043956044,0.5631868131868132,0.532967032967033,0.5747252747252747,0.025022631948869663,57
149,0.9127418518066406,0.02457795929912281,0.0009809970855712891,5.355881150092686e-06,0.0001,"(50,)",25,"{'NN__alpha': 0.0001, 'NN__hidden_layer_sizes': (50,), 'km__n_clusters': 25}",0.5,0.49175824175824173,0.5906593406593407,0.5467032967032966,0.5769230769230769,0.5412087912087913,0.03973557083904295,110
150,1.0128571033477782,0.033829176679338914,0.0010145187377929687,8.84195479316655e-06,0.0001,"(50,)",30,"{'NN__alpha': 0.0001, 'NN__hidden_layer_sizes': (50,), 'km__n_clusters': 30}",0.5357142857142857,0.5686813186813187,0.5247252747252747,0.5247252747252747,0.4835164835164835,0.5274725274725275,0.027251861027774153,146
151,1.0981369018554688,0.02714135699806,0.001050567626953125,3.7868376499473834e-05,0.0001,"(50,)",35,"{'NN__alpha': 0.0001, 'NN__hidden_layer_sizes': (50,), 'km__n_clusters': 35}",0.5741758241758241,0.5,0.4835164835164835,0.5302197802197802,0.5686813186813187,0.5313186813186814,0.036055010365984415,133
152,1.2040270805358886,0.018057395175760126,0.0010600566864013671,2.2257826915553362e-05,0.0001,"(50,)",40,"{'NN__alpha': 0.0001, 'NN__hidden_layer_sizes': (50,), 'km__n_clusters': 40}",0.489010989010989,0.5934065934065934,0.5412087912087912,0.5521978021978022,0.5521978021978022,0.5456043956043957,0.03344885990159215,100
153,0.31525368690490724,0.0071749488663983415,0.0007930278778076171,1.60853225094765e-05,0.0001,"(25,)",2,"{'NN__alpha': 0.0001, 'NN__hidden_layer_sizes': (25,), 'km__n_clusters': 2}",0.510989010989011,0.48626373626373626,0.521978021978022,0.46703296703296704,0.49175824175824173,0.4956043956043956,0.019238616923089667,171
154,0.4663179874420166,0.030826185774836472,0.0008027076721191407,1.5042228537706039e-05,0.0001,"(25,)",5,"{'NN__alpha': 0.0001, 'NN__hidden_layer_sizes': (25,), 'km__n_clusters': 5}",0.5,0.5989010989010989,0.5659340659340659,0.48626373626373626,0.510989010989011,0.5324175824175824,0.04285714285714286,129
155,0.5698147296905518,0.030794126920039844,0.0008523941040039062,6.133419778384443e-05,0.0001,"(25,)",10,"{'NN__alpha': 0.0001, 'NN__hidden_layer_sizes': (25,), 'km__n_clusters': 10}",0.5082417582417582,0.49725274725274726,0.5,0.5384615384615384,0.5824175824175825,0.5252747252747253,0.03210409045712428,151
156,0.6882677555084229,0.02336915091357469,0.0009365558624267578,3.94146799434596e-05,0.0001,"(25,)",15,"{'NN__alpha': 0.0001, 'NN__hidden_layer_sizes': (25,), 'km__n_clusters': 15}",0.5439560439560439,0.5,0.5906593406593407,0.5384615384615384,0.6126373626373627,0.5571428571428572,0.03997795552435441,83
157,0.7750067234039306,0.02112436287580867,0.0009273052215576172,4.8595298056019866e-06,0.0001,"(25,)",20,"{'NN__alpha': 0.0001, 'NN__hidden_layer_sizes': (25,), 'km__n_clusters': 20}",0.5467032967032966,0.5879120879120879,0.510989010989011,0.5164835164835165,0.4835164835164835,0.5291208791208791,0.03559150492461901,141
158,0.9023474216461181,0.023592615684947908,0.0009597301483154297,5.038704654967514e-06,0.0001,"(25,)",25,"{'NN__alpha': 0.0001, 'NN__hidden_layer_sizes': (25,), 'km__n_clusters': 25}",0.554945054945055,0.5824175824175825,0.5989010989010989,0.5494505494505495,0.5686813186813187,0.5708791208791208,0.018090195201268477,64
159,0.9793423652648926,0.02689343233231993,0.000985574722290039,3.3629699101458465e-06,0.0001,"(25,)",30,"{'NN__alpha': 0.0001, 'NN__hidden_layer_sizes': (25,), 'km__n_clusters': 30}",0.44505494505494503,0.6401098901098901,0.5137362637362637,0.5439560439560439,0.5357142857142857,0.5357142857142857,0.06271924472582864,125
160,1.0682178020477295,0.03168756771857821,0.0010402202606201172,2.221109325560497e-05,0.0001,"(25,)",35,"{'NN__alpha': 0.0001, 'NN__hidden_layer_sizes': (25,), 'km__n_clusters': 35}",0.5,0.45879120879120877,0.5,0.510989010989011,0.5247252747252747,0.4989010989010989,0.022019192208257016,168
161,1.1888555049896241,0.031720545420179526,0.0010506629943847657,9.549132882086927e-06,0.0001,"(25,)",40,"{'NN__alpha': 0.0001, 'NN__hidden_layer_sizes': (25,), 'km__n_clusters': 40}",0.5384615384615384,0.489010989010989,0.5576923076923077,0.5467032967032966,0.5961538461538461,0.5456043956043957,0.03451494236162508,100
162,0.31617369651794436,0.022770943042562775,0.0008574485778808594,7.843355253201328e-06,0.0001,"(25, 25)",2,"{'NN__alpha': 0.0001, 'NN__hidden_layer_sizes': (25, 25), 'km__n_clusters': 2}",0.49725274725274726,0.5137362637362637,0.5082417582417582,0.510989010989011,0.5,0.506043956043956,0.006360349946588013,159
163,0.5060139656066894,0.055181627226817895,0.0008665084838867188,5.167911755976686e-06,0.0001,"(25, 25)",5,"{'NN__alpha': 0.0001, 'NN__hidden_layer_sizes': (25, 25), 'km__n_clusters': 5}",0.5164835164835165,0.5247252747252747,0.6346153846153846,0.5247252747252747,0.5439560439560439,0.548901098901099,0.04379779205138379,98
164,0.5791292667388916,0.034504779206311696,0.0008829116821289062,7.606113197933355e-06,0.0001,"(25, 25)",10,"{'NN__alpha': 0.0001, 'NN__hidden_layer_sizes': (25, 25), 'km__n_clusters': 10}",0.4642857142857143,0.5,0.6071428571428571,0.5659340659340659,0.5,0.5274725274725275,0.05163081301465276,146
165,0.7120585918426514,0.053936318863798474,0.000994873046875,3.77633956359783e-05,0.0001,"(25, 25)",15,"{'NN__alpha': 0.0001, 'NN__hidden_layer_sizes': (25, 25), 'km__n_clusters': 15}",0.5604395604395604,0.6236263736263736,0.5,0.5247252747252747,0.5631868131868132,0.5543956043956044,0.04182325765711003,89
166,0.803927230834961,0.014270664245890219,0.0010202407836914062,2.5860844659991215e-05,0.0001,"(25, 25)",20,"{'NN__alpha': 0.0001, 'NN__hidden_layer_sizes': (25, 25), 'km__n_clusters': 20}",0.554945054945055,0.6208791208791209,0.5274725274725275,0.5302197802197802,0.5604395604395604,0.5587912087912088,0.03367374383746058,78
167,0.93468017578125,0.02324139410909444,0.001069021224975586,3.3799111158563094e-05,0.0001,"(25, 25)",25,"{'NN__alpha': 0.0001, 'NN__hidden_layer_sizes': (25, 25), 'km__n_clusters': 25}",0.5,0.5274725274725275,0.5604395604395604,0.5439560439560439,0.5851648351648352,0.5434065934065935,0.028886680061747074,106
168,1.0356767177581787,0.019853639853413475,0.0011028289794921876,5.1314546699678715e-05,0.0001,"(25, 25)",30,"{'NN__alpha': 0.0001, 'NN__hidden_layer_sizes': (25, 25), 'km__n_clusters': 30}",0.554945054945055,0.5192307692307693,0.5686813186813187,0.5604395604395604,0.5631868131868132,0.5532967032967033,0.01759957953631533,92
169,1.1137076377868653,0.021168627973597177,0.0011318683624267577,4.4097409526112526e-05,0.0001,"(25, 25)",35,"{'NN__alpha': 0.0001, 'NN__hidden_layer_sizes': (25, 25), 'km__n_clusters': 35}",0.5357142857142857,0.5384615384615384,0.5769230769230769,0.5027472527472527,0.5631868131868132,0.5434065934065935,0.025500662386532504,106
170,1.2389536857604981,0.020032043548983906,0.0011256217956542968,7.81983863476113e-06,0.0001,"(25, 25)",40,"{'NN__alpha': 0.0001, 'NN__hidden_layer_sizes': (25, 25), 'km__n_clusters': 40}",0.6483516483516484,0.521978021978022,0.5989010989010989,0.5054945054945055,0.5576923076923077,0.5664835164835165,0.05202110056503132,68
171,0.37289133071899416,0.03219466974364774,0.0011196136474609375,1.0279131625700195e-05,0.0001,"(100, 25, 100)",2,"{'NN__alpha': 0.0001, 'NN__hidden_layer_sizes': (100, 25, 100), 'km__n_clusters': 2}",0.47527472527472525,0.48626373626373626,0.5,0.49725274725274726,0.5467032967032966,0.5010989010989011,0.024424297550431708,164
172,0.6075341701507568,0.016245370444588857,0.001144266128540039,1.945974721068301e-05,0.0001,"(100, 25, 100)",5,"{'NN__alpha': 0.0001, 'NN__hidden_layer_sizes': (100, 25, 100), 'km__n_clusters': 5}",0.5961538461538461,0.6510989010989011,0.695054945054945,0.6098901098901099,0.6428571428571429,0.639010989010989,0.03460229998644787,4
173,0.7145299911499023,0.05334313509708921,0.0011785507202148437,2.1174147165493646e-05,0.0001,"(100, 25, 100)",10,"{'NN__alpha': 0.0001, 'NN__hidden_layer_sizes': (100, 25, 100), 'km__n_clusters': 10}",0.6291208791208791,0.6620879120879121,0.6510989010989011,0.5741758241758241,0.5714285714285714,0.6175824175824175,0.038082908683875746,10
174,0.9186317920684814,0.0913378671494875,0.0013737678527832031,0.00025609591589162195,0.0001,"(100, 25, 100)",15,"{'NN__alpha': 0.0001, 'NN__hidden_layer_sizes': (100, 25, 100), 'km__n_clusters': 15}",0.6373626373626373,0.6346153846153846,0.5961538461538461,0.5604395604395604,0.5631868131868132,0.5983516483516483,0.03321336540595034,28
175,0.9538990974426269,0.16543764018733256,0.001320791244506836,6.0977275046550317e-05,0.0001,"(100, 25, 100)",20,"{'NN__alpha': 0.0001, 'NN__hidden_layer_sizes': (100, 25, 100), 'km__n_clusters': 20}",0.5906593406593407,0.6346153846153846,0.6016483516483516,0.6153846153846154,0.5631868131868132,0.6010989010989011,0.023975191460737826,25
176,1.0128389358520509,0.05234393264624263,0.0012912750244140625,1.8042474639917756e-05,0.0001,"(100, 25, 100)",25,"{'NN__alpha': 0.0001, 'NN__hidden_layer_sizes': (100, 25, 100), 'km__n_clusters': 25}",0.5989010989010989,0.6208791208791209,0.5659340659340659,0.5961538461538461,0.5769230769230769,0.5917582417582418,0.019001776336033623,37
177,1.0933779716491698,0.062084992758107076,0.0013329029083251954,1.3305892909558047e-05,0.0001,"(100, 25, 100)",30,"{'NN__alpha': 0.0001, 'NN__hidden_layer_sizes': (100, 25, 100), 'km__n_clusters': 30}",0.5741758241758241,0.6208791208791209,0.6153846153846154,0.5851648351648352,0.5686813186813187,0.5928571428571429,0.021379204899278834,35
178,1.2711730480194092,0.04167850123196566,0.0013646125793457032,2.726933278593506e-05,0.0001,"(100, 25, 100)",35,"{'NN__alpha': 0.0001, 'NN__hidden_layer_sizes': (100, 25, 100), 'km__n_clusters': 35}",0.6126373626373627,0.6153846153846154,0.5796703296703297,0.6181318681318682,0.6181318681318682,0.6087912087912088,0.014702294681604005,16
179,1.3652476787567138,0.08082217940741983,0.0014319896697998046,7.411595776022293e-05,0.0001,"(100, 25, 100)",40,"{'NN__alpha': 0.0001, 'NN__hidden_layer_sizes': (100, 25, 100), 'km__n_clusters': 40}",0.5961538461538461,0.6181318681318682,0.6373626373626373,0.5576923076923077,0.5631868131868132,0.5945054945054945,0.030769230769230754,33
