,mean_fit_time,std_fit_time,mean_score_time,std_score_time,param_NN__alpha,param_NN__hidden_layer_sizes,param_filter__n,params,split0_test_score,split1_test_score,split2_test_score,split3_test_score,split4_test_score,mean_test_score,std_test_score,rank_test_score
0,1.165760326385498,0.46173768645534674,0.08373880386352539,0.023969758639485642,0.1,"(50, 50)",2,"{'NN__alpha': 0.1, 'NN__hidden_layer_sizes': (50, 50), 'filter__n': 2}",0.6675824175824175,0.6208791208791209,0.6153846153846154,0.5906593406593407,0.6401098901098901,0.6269230769230769,0.025736348194791994,232
1,1.4132534503936767,0.25293237423335146,0.113409423828125,0.04021124801713932,0.1,"(50, 50)",5,"{'NN__alpha': 0.1, 'NN__hidden_layer_sizes': (50, 50), 'filter__n': 5}",0.7087912087912088,0.760989010989011,0.7582417582417582,0.6648351648351648,0.760989010989011,0.7307692307692307,0.03850076492605461,79
2,1.964051103591919,0.3838161063739134,0.136798095703125,0.052537348916806316,0.1,"(50, 50)",10,"{'NN__alpha': 0.1, 'NN__hidden_layer_sizes': (50, 50), 'filter__n': 10}",0.7692307692307693,0.8021978021978022,0.8186813186813187,0.8241758241758241,0.8461538461538461,0.8120879120879121,0.02563055777953976,22
3,1.239122486114502,0.26893151464841325,0.09172649383544922,0.027765858262791314,0.1,"(50, 50)",15,"{'NN__alpha': 0.1, 'NN__hidden_layer_sizes': (50, 50), 'filter__n': 15}",0.7362637362637363,0.8571428571428571,0.739010989010989,0.8406593406593407,0.8159340659340659,0.7978021978021979,0.05085312510842453,33
4,1.1643563270568849,0.11005969898728073,0.11999020576477051,0.011600568376414615,0.1,"(50, 50)",20,"{'NN__alpha': 0.1, 'NN__hidden_layer_sizes': (50, 50), 'filter__n': 20}",0.8653846153846154,0.771978021978022,0.8379120879120879,0.8131868131868132,0.8571428571428571,0.8291208791208791,0.033754335282214644,14
5,1.1122931003570558,0.20308550395576475,0.10577893257141113,0.03301036370600818,0.1,"(50, 50)",25,"{'NN__alpha': 0.1, 'NN__hidden_layer_sizes': (50, 50), 'filter__n': 25}",0.6758241758241759,0.7005494505494505,0.7774725274725275,0.7967032967032966,0.804945054945055,0.7510989010989011,0.05271862776400432,60
6,1.3114022731781005,0.19835043109685754,0.10009112358093261,0.03415717920690025,0.1,"(50, 50)",30,"{'NN__alpha': 0.1, 'NN__hidden_layer_sizes': (50, 50), 'filter__n': 30}",0.782967032967033,0.7664835164835165,0.7664835164835165,0.7884615384615384,0.7939560439560439,0.7796703296703297,0.01131387927580985,43
7,1.4302122592926025,0.1973294277887248,0.12153253555297852,0.041811893828126626,0.1,"(50, 50)",35,"{'NN__alpha': 0.1, 'NN__hidden_layer_sizes': (50, 50), 'filter__n': 35}",0.7307692307692307,0.75,0.7060439560439561,0.760989010989011,0.7554945054945055,0.7406593406593407,0.02008315042032642,68
8,1.3855669498443604,0.3151494909063076,0.09516668319702148,0.04575149843818818,0.1,"(50, 50)",40,"{'NN__alpha': 0.1, 'NN__hidden_layer_sizes': (50, 50), 'filter__n': 40}",0.7032967032967034,0.728021978021978,0.7197802197802198,0.7417582417582418,0.739010989010989,0.7263736263736263,0.013965126403449263,90
9,1.0552270889282227,0.20988457397299148,0.0768735408782959,0.024275163327699214,0.1,"(50, 50)",45,"{'NN__alpha': 0.1, 'NN__hidden_layer_sizes': (50, 50), 'filter__n': 45}",0.695054945054945,0.5714285714285714,0.6071428571428571,0.695054945054945,0.6730769230769231,0.6483516483516484,0.05017780244760824,201
10,1.3672543048858643,0.0962116504883358,0.10177078247070312,0.04604622612594386,0.1,"(50, 50)",50,"{'NN__alpha': 0.1, 'NN__hidden_layer_sizes': (50, 50), 'filter__n': 50}",0.7087912087912088,0.7197802197802198,0.6978021978021978,0.6895604395604396,0.6730769230769231,0.6978021978021978,0.016019098612212353,115
11,1.1756580829620362,0.25032462746079365,0.1294909954071045,0.0392525863937391,0.1,"(50, 50)",55,"{'NN__alpha': 0.1, 'NN__hidden_layer_sizes': (50, 50), 'filter__n': 55}",0.6840659340659341,0.7087912087912088,0.6510989010989011,0.6181318681318682,0.5906593406593407,0.6505494505494506,0.04278664249215777,196
12,1.3049888134002685,0.23914314352210583,0.0781205177307129,0.02243692020882417,0.1,"(50, 50)",60,"{'NN__alpha': 0.1, 'NN__hidden_layer_sizes': (50, 50), 'filter__n': 60}",0.6840659340659341,0.6263736263736264,0.6510989010989011,0.6538461538461539,0.6593406593406593,0.654945054945055,0.018437320588530242,190
13,0.816641902923584,0.09291671648834968,0.06817512512207032,0.009441488975028799,0.1,"(50,)",2,"{'NN__alpha': 0.1, 'NN__hidden_layer_sizes': (50,), 'filter__n': 2}",0.6813186813186813,0.6263736263736264,0.6208791208791209,0.5879120879120879,0.6978021978021978,0.6428571428571429,0.04067418796334449,213
14,0.9289144039154053,0.20728254859672446,0.07838892936706543,0.02309378965462998,0.1,"(50,)",5,"{'NN__alpha': 0.1, 'NN__hidden_layer_sizes': (50,), 'filter__n': 5}",0.6593406593406593,0.7005494505494505,0.6758241758241759,0.5989010989010989,0.7005494505494505,0.667032967032967,0.037483643738045136,174
15,0.9689864635467529,0.198868992056819,0.07981376647949219,0.023329245671798747,0.1,"(50,)",10,"{'NN__alpha': 0.1, 'NN__hidden_layer_sizes': (50,), 'filter__n': 10}",0.6483516483516484,0.7362637362637363,0.75,0.5879120879120879,0.7005494505494505,0.6846153846153846,0.059771532982296316,144
16,1.2363438606262207,0.1998425232425895,0.05887279510498047,0.003553540495508463,0.1,"(50,)",15,"{'NN__alpha': 0.1, 'NN__hidden_layer_sizes': (50,), 'filter__n': 15}",0.7362637362637363,0.7967032967032966,0.7692307692307693,0.6785714285714286,0.7939560439560439,0.7549450549450549,0.04393543472901932,58
17,0.9048902988433838,0.08052921178231048,0.08984084129333496,0.03160824701512914,0.1,"(50,)",20,"{'NN__alpha': 0.1, 'NN__hidden_layer_sizes': (50,), 'filter__n': 20}",0.7142857142857143,0.771978021978022,0.7417582417582418,0.7362637362637363,0.7115384615384616,0.7351648351648352,0.021881656870043825,72
18,1.0872649669647216,0.26164022168239337,0.0836106777191162,0.01840139684162553,0.1,"(50,)",25,"{'NN__alpha': 0.1, 'NN__hidden_layer_sizes': (50,), 'filter__n': 25}",0.7005494505494505,0.7994505494505495,0.7225274725274725,0.7362637362637363,0.6895604395604396,0.7296703296703297,0.03852428163287498,81
19,1.0452346324920654,0.0833636958590436,0.07506003379821777,0.011063739100122379,0.1,"(50,)",30,"{'NN__alpha': 0.1, 'NN__hidden_layer_sizes': (50,), 'filter__n': 30}",0.7142857142857143,0.7527472527472527,0.7087912087912088,0.7197802197802198,0.7032967032967034,0.7197802197802199,0.01737515197894712,100
20,1.1734749794006347,0.20444072424023751,0.07795791625976563,0.024310855482325738,0.1,"(50,)",35,"{'NN__alpha': 0.1, 'NN__hidden_layer_sizes': (50,), 'filter__n': 35}",0.7032967032967034,0.6510989010989011,0.6813186813186813,0.717032967032967,0.7142857142857143,0.6934065934065934,0.024609006237976582,125
21,1.170502519607544,0.09958558216039241,0.08515419960021972,0.020898165738196944,0.1,"(50,)",40,"{'NN__alpha': 0.1, 'NN__hidden_layer_sizes': (50,), 'filter__n': 40}",0.6565934065934066,0.7197802197802198,0.6813186813186813,0.6785714285714286,0.7087912087912088,0.689010989010989,0.02261441277720514,136
22,0.9027968883514405,0.13945112159441758,0.08598179817199707,0.023017326165156594,0.1,"(50,)",45,"{'NN__alpha': 0.1, 'NN__hidden_layer_sizes': (50,), 'filter__n': 45}",0.6401098901098901,0.7032967032967034,0.5906593406593407,0.6483516483516484,0.6758241758241759,0.6516483516483517,0.03772449207422391,194
23,0.9169306755065918,0.13692827877265415,0.07537150382995605,0.01345765201765194,0.1,"(50,)",50,"{'NN__alpha': 0.1, 'NN__hidden_layer_sizes': (50,), 'filter__n': 50}",0.5961538461538461,0.695054945054945,0.6291208791208791,0.6373626373626373,0.6758241758241759,0.6467032967032967,0.03503582102621948,204
24,1.012932825088501,0.13337417354740166,0.08455839157104492,0.02279532049329153,0.1,"(50,)",55,"{'NN__alpha': 0.1, 'NN__hidden_layer_sizes': (50,), 'filter__n': 55}",0.5961538461538461,0.6291208791208791,0.6153846153846154,0.5934065934065934,0.6593406593406593,0.6186813186813187,0.02416333343658903,247
25,0.9733994960784912,0.11391782690388813,0.07350001335144044,0.007311183240950145,0.1,"(50,)",60,"{'NN__alpha': 0.1, 'NN__hidden_layer_sizes': (50,), 'filter__n': 60}",0.6346153846153846,0.6263736263736264,0.5961538461538461,0.6236263736263736,0.5467032967032966,0.6054945054945055,0.03211349273890651,257
26,0.7643433094024659,0.14709932344165982,0.06776900291442871,0.012904373021690368,0.1,"(25,)",2,"{'NN__alpha': 0.1, 'NN__hidden_layer_sizes': (25,), 'filter__n': 2}",0.6675824175824175,0.6263736263736264,0.6043956043956044,0.5989010989010989,0.6373626373626373,0.6269230769230769,0.024719168965279096,232
27,0.8349138259887695,0.14545548146831816,0.07601699829101563,0.011687420262476444,0.1,"(25,)",5,"{'NN__alpha': 0.1, 'NN__hidden_layer_sizes': (25,), 'filter__n': 5}",0.6236263736263736,0.6923076923076923,0.6758241758241759,0.6153846153846154,0.6978021978021978,0.660989010989011,0.034732924459954066,185
28,1.0261306285858154,0.1824229370687092,0.06857151985168457,0.010558834681351133,0.1,"(25,)",10,"{'NN__alpha': 0.1, 'NN__hidden_layer_sizes': (25,), 'filter__n': 10}",0.6538461538461539,0.7005494505494505,0.760989010989011,0.717032967032967,0.7142857142857143,0.7093406593406594,0.03437470839476274,110
29,1.0648651123046875,0.216707887710976,0.07790069580078125,0.016820714194831544,0.1,"(25,)",15,"{'NN__alpha': 0.1, 'NN__hidden_layer_sizes': (25,), 'filter__n': 15}",0.6510989010989011,0.7664835164835165,0.75,0.6510989010989011,0.75,0.7137362637362638,0.05149615170927464,108
30,1.0241277694702149,0.15887501997987238,0.07583208084106445,0.009493236711829759,0.1,"(25,)",20,"{'NN__alpha': 0.1, 'NN__hidden_layer_sizes': (25,), 'filter__n': 20}",0.695054945054945,0.5604395604395604,0.7472527472527473,0.728021978021978,0.7417582417582418,0.6945054945054945,0.06944411571256842,119
31,1.0079780578613282,0.13529950959610967,0.0789982795715332,0.0287528989386172,0.1,"(25,)",25,"{'NN__alpha': 0.1, 'NN__hidden_layer_sizes': (25,), 'filter__n': 25}",0.728021978021978,0.7664835164835165,0.7087912087912088,0.7307692307692307,0.6868131868131868,0.7241758241758243,0.026385070777017527,94
32,1.092798900604248,0.2648709450711503,0.09639081954956055,0.020822214210160762,0.1,"(25,)",30,"{'NN__alpha': 0.1, 'NN__hidden_layer_sizes': (25,), 'filter__n': 30}",0.7060439560439561,0.7472527472527473,0.695054945054945,0.6098901098901099,0.6703296703296703,0.6857142857142857,0.04532883782119304,141
33,1.1806803226470948,0.2633884995462002,0.08106927871704102,0.02063941795078374,0.1,"(25,)",35,"{'NN__alpha': 0.1, 'NN__hidden_layer_sizes': (25,), 'filter__n': 35}",0.6868131868131868,0.6785714285714286,0.6813186813186813,0.6401098901098901,0.6758241758241759,0.6725274725274725,0.01661122687673736,165
34,1.1132495880126954,0.13031212673099726,0.0786956787109375,0.012356468321343265,0.1,"(25,)",40,"{'NN__alpha': 0.1, 'NN__hidden_layer_sizes': (25,), 'filter__n': 40}",0.6565934065934066,0.6401098901098901,0.7087912087912088,0.6840659340659341,0.7142857142857143,0.6807692307692308,0.02883437750198228,150
35,0.9232391357421875,0.15111674600614336,0.08473215103149415,0.018591714931647282,0.1,"(25,)",45,"{'NN__alpha': 0.1, 'NN__hidden_layer_sizes': (25,), 'filter__n': 45}",0.6565934065934066,0.7307692307692307,0.6456043956043956,0.6318681318681318,0.6538461538461539,0.6637362637362637,0.03460229998644787,180
36,1.1448825359344483,0.2049056436374063,0.09110541343688965,0.04142129067388028,0.1,"(25,)",50,"{'NN__alpha': 0.1, 'NN__hidden_layer_sizes': (25,), 'filter__n': 50}",0.6153846153846154,0.6813186813186813,0.6538461538461539,0.6263736263736264,0.6758241758241759,0.6505494505494506,0.026143686271143565,196
37,0.9624085903167725,0.11233800643097726,0.09641757011413574,0.014856148769357471,0.1,"(25,)",55,"{'NN__alpha': 0.1, 'NN__hidden_layer_sizes': (25,), 'filter__n': 55}",0.6373626373626373,0.6181318681318682,0.6098901098901099,0.5961538461538461,0.6291208791208791,0.6181318681318682,0.014432885205015034,249
38,0.9635830879211426,0.14048100019978188,0.0861882209777832,0.018999870448329462,0.1,"(25,)",60,"{'NN__alpha': 0.1, 'NN__hidden_layer_sizes': (25,), 'filter__n': 60}",0.6428571428571429,0.5714285714285714,0.5906593406593407,0.5934065934065934,0.6593406593406593,0.6115384615384616,0.03358397096689259,255
39,0.9177064418792724,0.16921468021100666,0.11131439208984376,0.031043779628205974,0.1,"(25, 25)",2,"{'NN__alpha': 0.1, 'NN__hidden_layer_sizes': (25, 25), 'filter__n': 2}",0.6565934065934066,0.6181318681318682,0.5851648351648352,0.5961538461538461,0.6620879120879121,0.6236263736263736,0.031081616755452623,239
40,1.1107966423034668,0.2533129027007695,0.057397985458374025,0.0024384094757333953,0.1,"(25, 25)",5,"{'NN__alpha': 0.1, 'NN__hidden_layer_sizes': (25, 25), 'filter__n': 5}",0.6758241758241759,0.6730769230769231,0.7252747252747253,0.6538461538461539,0.7252747252747253,0.6906593406593406,0.02926049880372382,135
41,1.4504907608032227,0.1024487481801748,0.09666256904602051,0.034652880071743095,0.1,"(25, 25)",10,"{'NN__alpha': 0.1, 'NN__hidden_layer_sizes': (25, 25), 'filter__n': 10}",0.8104395604395604,0.8241758241758241,0.7747252747252747,0.8241758241758241,0.8296703296703297,0.8126373626373626,0.019992753185340925,20
42,1.597734022140503,0.2735413176143807,0.11585016250610351,0.022147927192025654,0.1,"(25, 25)",15,"{'NN__alpha': 0.1, 'NN__hidden_layer_sizes': (25, 25), 'filter__n': 15}",0.7747252747252747,0.8598901098901099,0.8351648351648352,0.7692307692307693,0.8489010989010989,0.8175824175824176,0.038090835192169256,15
43,1.0893224716186523,0.17346376453701307,0.11168889999389649,0.0222664447314664,0.1,"(25, 25)",20,"{'NN__alpha': 0.1, 'NN__hidden_layer_sizes': (25, 25), 'filter__n': 20}",0.7417582417582418,0.8489010989010989,0.7692307692307693,0.7939560439560439,0.7417582417582418,0.7791208791208791,0.039947737866579174,44
44,1.3925342082977294,0.6194240762124806,0.09871349334716797,0.02669443710102454,0.1,"(25, 25)",25,"{'NN__alpha': 0.1, 'NN__hidden_layer_sizes': (25, 25), 'filter__n': 25}",0.8461538461538461,0.6868131868131868,0.7307692307692307,0.7664835164835165,0.7664835164835165,0.7593406593406593,0.05237390766941747,56
45,1.153296422958374,0.3292429121001308,0.08894538879394531,0.0358169980316116,0.1,"(25, 25)",30,"{'NN__alpha': 0.1, 'NN__hidden_layer_sizes': (25, 25), 'filter__n': 30}",0.717032967032967,0.7445054945054945,0.7307692307692307,0.7527472527472527,0.771978021978022,0.7434065934065934,0.018761946240619654,65
46,1.231675624847412,0.24365800892425998,0.0896998405456543,0.028063222308140828,0.1,"(25, 25)",35,"{'NN__alpha': 0.1, 'NN__hidden_layer_sizes': (25, 25), 'filter__n': 35}",0.7472527472527473,0.804945054945055,0.7142857142857143,0.7307692307692307,0.6675824175824175,0.7329670329670329,0.04475240152592801,77
47,1.2101325511932373,0.07440819577797672,0.11853632926940919,0.026907386000697368,0.1,"(25, 25)",40,"{'NN__alpha': 0.1, 'NN__hidden_layer_sizes': (25, 25), 'filter__n': 40}",0.6785714285714286,0.7197802197802198,0.7032967032967034,0.7060439560439561,0.6346153846153846,0.6884615384615385,0.03002434306003134,138
48,1.0864311695098876,0.23972249980014407,0.10995669364929199,0.035591459636356466,0.1,"(25, 25)",45,"{'NN__alpha': 0.1, 'NN__hidden_layer_sizes': (25, 25), 'filter__n': 45}",0.6620879120879121,0.728021978021978,0.6703296703296703,0.6675824175824175,0.4835164835164835,0.6423076923076922,0.08291789535367418,216
49,1.2222776889801026,0.25653263996891446,0.08218345642089844,0.026502730483481,0.1,"(25, 25)",50,"{'NN__alpha': 0.1, 'NN__hidden_layer_sizes': (25, 25), 'filter__n': 50}",0.6565934065934066,0.6565934065934066,0.6565934065934066,0.6840659340659341,0.6895604395604396,0.6686813186813187,0.014906219743132458,169
50,1.2192072868347168,0.18674412492659226,0.11301274299621582,0.021595619858463182,0.1,"(25, 25)",55,"{'NN__alpha': 0.1, 'NN__hidden_layer_sizes': (25, 25), 'filter__n': 55}",0.6373626373626373,0.7032967032967034,0.6456043956043956,0.6428571428571429,0.6730769230769231,0.6604395604395604,0.02473137897786134,187
51,0.9894729137420655,0.26472987852146973,0.09724254608154297,0.025266249987972354,0.1,"(25, 25)",60,"{'NN__alpha': 0.1, 'NN__hidden_layer_sizes': (25, 25), 'filter__n': 60}",0.6593406593406593,0.5906593406593407,0.7005494505494505,0.6346153846153846,0.6016483516483516,0.6373626373626373,0.03984937222960162,222
52,1.2567206382751466,0.15203328925103676,0.08447275161743165,0.016870542938196953,0.1,"(100, 25, 100)",2,"{'NN__alpha': 0.1, 'NN__hidden_layer_sizes': (100, 25, 100), 'filter__n': 2}",0.6703296703296703,0.6291208791208791,0.6181318681318682,0.5714285714285714,0.6785714285714286,0.6335164835164836,0.038719698741643674,229
53,1.4661859035491944,0.5949920304850621,0.09338240623474121,0.0235838076534691,0.1,"(100, 25, 100)",5,"{'NN__alpha': 0.1, 'NN__hidden_layer_sizes': (100, 25, 100), 'filter__n': 5}",0.7115384615384616,0.7912087912087912,0.7554945054945055,0.6016483516483516,0.6483516483516484,0.7016483516483516,0.06907797546862253,112
54,1.6877002239227294,0.24310182727178684,0.10579180717468262,0.026686059927089598,0.1,"(100, 25, 100)",10,"{'NN__alpha': 0.1, 'NN__hidden_layer_sizes': (100, 25, 100), 'filter__n': 10}",0.7747252747252747,0.8461538461538461,0.8434065934065934,0.8653846153846154,0.8516483516483516,0.8362637362637363,0.03168762825339826,11
55,1.5888745307922363,0.24518583564083576,0.10843324661254883,0.036924219765450815,0.1,"(100, 25, 100)",15,"{'NN__alpha': 0.1, 'NN__hidden_layer_sizes': (100, 25, 100), 'filter__n': 15}",0.8434065934065934,0.8626373626373627,0.8708791208791209,0.8516483516483516,0.8571428571428571,0.8571428571428571,0.009356805695563969,4
56,1.6306168556213378,0.22940202754774824,0.12648682594299315,0.035785735440462485,0.1,"(100, 25, 100)",20,"{'NN__alpha': 0.1, 'NN__hidden_layer_sizes': (100, 25, 100), 'filter__n': 20}",0.8379120879120879,0.8681318681318682,0.8653846153846154,0.8736263736263736,0.8324175824175825,0.8554945054945055,0.016899512636516147,6
57,1.5648416519165038,0.26881711245557566,0.11322293281555176,0.022409359765060546,0.1,"(100, 25, 100)",25,"{'NN__alpha': 0.1, 'NN__hidden_layer_sizes': (100, 25, 100), 'filter__n': 25}",0.8214285714285714,0.8214285714285714,0.8241758241758241,0.8076923076923077,0.8021978021978022,0.8153846153846154,0.008756800796983061,17
58,1.6374113082885742,0.3104148569152502,0.08267784118652344,0.026404011567728217,0.1,"(100, 25, 100)",30,"{'NN__alpha': 0.1, 'NN__hidden_layer_sizes': (100, 25, 100), 'filter__n': 30}",0.8076923076923077,0.8186813186813187,0.7884615384615384,0.7802197802197802,0.7939560439560439,0.7978021978021977,0.013747248355161322,34
59,1.6347899436950684,0.3813154497808707,0.10843958854675292,0.018231964071545138,0.1,"(100, 25, 100)",35,"{'NN__alpha': 0.1, 'NN__hidden_layer_sizes': (100, 25, 100), 'filter__n': 35}",0.7197802197802198,0.7664835164835165,0.7472527472527473,0.7582417582417582,0.7252747252747253,0.7434065934065934,0.01819004984312842,65
60,1.6420824527740479,0.35012847323639373,0.13940634727478027,0.039169749938339514,0.1,"(100, 25, 100)",40,"{'NN__alpha': 0.1, 'NN__hidden_layer_sizes': (100, 25, 100), 'filter__n': 40}",0.6538461538461539,0.7527472527472527,0.7362637362637363,0.728021978021978,0.7362637362637363,0.7214285714285714,0.03473292445995409,96
61,1.3824098587036133,0.13115552434114602,0.1231508731842041,0.03380677800705184,0.1,"(100, 25, 100)",45,"{'NN__alpha': 0.1, 'NN__hidden_layer_sizes': (100, 25, 100), 'filter__n': 45}",0.6923076923076923,0.7032967032967034,0.6813186813186813,0.6703296703296703,0.6813186813186813,0.6857142857142856,0.011206636293610541,142
62,1.3075343132019044,0.23262938962311108,0.11070485115051269,0.04216636935154465,0.1,"(100, 25, 100)",50,"{'NN__alpha': 0.1, 'NN__hidden_layer_sizes': (100, 25, 100), 'filter__n': 50}",0.6730769230769231,0.7197802197802198,0.6401098901098901,0.6593406593406593,0.6703296703296703,0.6725274725274725,0.0263163297029188,165
63,1.3758326053619385,0.21344110316365178,0.11840958595275879,0.029671177683374985,0.1,"(100, 25, 100)",55,"{'NN__alpha': 0.1, 'NN__hidden_layer_sizes': (100, 25, 100), 'filter__n': 55}",0.6373626373626373,0.7115384615384616,0.6785714285714286,0.6813186813186813,0.6813186813186813,0.6780219780219781,0.023658296858913196,155
64,1.362492609024048,0.16719676043902884,0.0924161434173584,0.018399774165646345,0.1,"(100, 25, 100)",60,"{'NN__alpha': 0.1, 'NN__hidden_layer_sizes': (100, 25, 100), 'filter__n': 60}",0.6758241758241759,0.7005494505494505,0.6730769230769231,0.6703296703296703,0.6840659340659341,0.6807692307692307,0.010906282000702844,151
65,0.8968659400939941,0.09519272101898447,0.08209366798400879,0.01589832962214895,0.01,"(50, 50)",2,"{'NN__alpha': 0.01, 'NN__hidden_layer_sizes': (50, 50), 'filter__n': 2}",0.6675824175824175,0.6208791208791209,0.6126373626373627,0.5906593406593407,0.6483516483516484,0.628021978021978,0.027062879903351086,230
66,1.411107635498047,0.1993945423066902,0.09326629638671875,0.01213826120621913,0.01,"(50, 50)",5,"{'NN__alpha': 0.01, 'NN__hidden_layer_sizes': (50, 50), 'filter__n': 5}",0.7087912087912088,0.7472527472527473,0.7527472527472527,0.7335164835164835,0.7664835164835165,0.7417582417582418,0.019580801847478534,67
67,1.448773193359375,0.25180104307486934,0.11563587188720703,0.02560713026297267,0.01,"(50, 50)",10,"{'NN__alpha': 0.01, 'NN__hidden_layer_sizes': (50, 50), 'filter__n': 10}",0.75,0.771978021978022,0.8489010989010989,0.8159340659340659,0.8324175824175825,0.8038461538461539,0.03716820774788519,30
68,1.1856621742248534,0.29001875103907643,0.09554519653320312,0.038055336417504346,0.01,"(50, 50)",15,"{'NN__alpha': 0.01, 'NN__hidden_layer_sizes': (50, 50), 'filter__n': 15}",0.739010989010989,0.8516483516483516,0.739010989010989,0.8241758241758241,0.8241758241758241,0.7956043956043957,0.04728468126142889,35
69,1.3050110340118408,0.34820400204788227,0.09407386779785157,0.03840368869203239,0.01,"(50, 50)",20,"{'NN__alpha': 0.01, 'NN__hidden_layer_sizes': (50, 50), 'filter__n': 20}",0.8846153846153846,0.771978021978022,0.7637362637362637,0.8076923076923077,0.8461538461538461,0.8148351648351648,0.045495036361504274,19
70,1.199298620223999,0.2993842910095186,0.12983951568603516,0.04431172457259917,0.01,"(50, 50)",25,"{'NN__alpha': 0.01, 'NN__hidden_layer_sizes': (50, 50), 'filter__n': 25}",0.6813186813186813,0.7032967032967034,0.8021978021978022,0.7994505494505495,0.8104395604395604,0.7593406593406593,0.05529012522239244,56
71,1.3156774997711183,0.1513137293672685,0.11518697738647461,0.027917640125977146,0.01,"(50, 50)",30,"{'NN__alpha': 0.01, 'NN__hidden_layer_sizes': (50, 50), 'filter__n': 30}",0.7802197802197802,0.7527472527472527,0.7747252747252747,0.7554945054945055,0.7857142857142857,0.7697802197802197,0.013278072498455579,48
72,1.1748197555541993,0.15315666568525077,0.07608113288879395,0.014550426635389122,0.01,"(50, 50)",35,"{'NN__alpha': 0.01, 'NN__hidden_layer_sizes': (50, 50), 'filter__n': 35}",0.7142857142857143,0.7527472527472527,0.717032967032967,0.739010989010989,0.717032967032967,0.7280219780219781,0.015246633984078687,85
73,1.3478466987609863,0.2958718174291475,0.11388564109802246,0.0246844779683079,0.01,"(50, 50)",40,"{'NN__alpha': 0.01, 'NN__hidden_layer_sizes': (50, 50), 'filter__n': 40}",0.7142857142857143,0.728021978021978,0.7115384615384616,0.7335164835164835,0.7445054945054945,0.7263736263736263,0.012236844753472564,90
74,1.3074354648590087,0.4689063201262022,0.11782999038696289,0.04208039584554945,0.01,"(50, 50)",45,"{'NN__alpha': 0.01, 'NN__hidden_layer_sizes': (50, 50), 'filter__n': 45}",0.6923076923076923,0.5686813186813187,0.6071428571428571,0.5714285714285714,0.6675824175824175,0.6214285714285714,0.050279979308718,244
75,1.3647822856903076,0.1621592505172998,0.0970423698425293,0.011984287805260011,0.01,"(50, 50)",50,"{'NN__alpha': 0.01, 'NN__hidden_layer_sizes': (50, 50), 'filter__n': 50}",0.7252747252747253,0.717032967032967,0.6978021978021978,0.6895604395604396,0.6758241758241759,0.701098901098901,0.018006560008982337,113
76,1.1854478359222411,0.18862938858295675,0.10949840545654296,0.0297344000293983,0.01,"(50, 50)",55,"{'NN__alpha': 0.01, 'NN__hidden_layer_sizes': (50, 50), 'filter__n': 55}",0.6840659340659341,0.7032967032967034,0.6510989010989011,0.6181318681318682,0.5906593406593407,0.6494505494505495,0.04132218830101795,200
77,1.1058455467224122,0.22890601572885513,0.08441557884216308,0.019392338075883635,0.01,"(50, 50)",60,"{'NN__alpha': 0.01, 'NN__hidden_layer_sizes': (50, 50), 'filter__n': 60}",0.6840659340659341,0.6236263736263736,0.6593406593406593,0.6620879120879121,0.6263736263736264,0.6510989010989011,0.022985165564122955,195
78,0.7987029075622558,0.07756904190972401,0.06590914726257324,0.01059740905324688,0.01,"(50,)",2,"{'NN__alpha': 0.01, 'NN__hidden_layer_sizes': (50,), 'filter__n': 2}",0.6785714285714286,0.6263736263736264,0.6208791208791209,0.5879120879120879,0.695054945054945,0.6417582417582418,0.03941517897683725,217
79,0.8419891357421875,0.0993136681519317,0.07795438766479493,0.012760208950720298,0.01,"(50,)",5,"{'NN__alpha': 0.01, 'NN__hidden_layer_sizes': (50,), 'filter__n': 5}",0.6593406593406593,0.6978021978021978,0.6648351648351648,0.5989010989010989,0.7005494505494505,0.6642857142857143,0.03671053426041772,178
80,0.9114697456359864,0.14355867756730234,0.08072290420532227,0.018422087597967023,0.01,"(50,)",10,"{'NN__alpha': 0.01, 'NN__hidden_layer_sizes': (50,), 'filter__n': 10}",0.6510989010989011,0.7637362637362637,0.7637362637362637,0.5879120879120879,0.7005494505494505,0.6934065934065934,0.06762037708184727,125
81,1.2431722164154053,0.13702162324728692,0.07119941711425781,0.02815513431089925,0.01,"(50,)",15,"{'NN__alpha': 0.01, 'NN__hidden_layer_sizes': (50,), 'filter__n': 15}",0.7335164835164835,0.7939560439560439,0.7692307692307693,0.7554945054945055,0.7967032967032966,0.7697802197802197,0.023785561342761934,48
82,0.9889167308807373,0.1838498467968828,0.10615720748901367,0.05120002160580488,0.01,"(50,)",20,"{'NN__alpha': 0.01, 'NN__hidden_layer_sizes': (50,), 'filter__n': 20}",0.7142857142857143,0.771978021978022,0.7362637362637363,0.739010989010989,0.7115384615384616,0.7346153846153847,0.02174325157957075,74
83,0.9875424385070801,0.21720311670121614,0.08795890808105469,0.02625750699590599,0.01,"(50,)",25,"{'NN__alpha': 0.01, 'NN__hidden_layer_sizes': (50,), 'filter__n': 25}",0.7005494505494505,0.7884615384615384,0.7197802197802198,0.7445054945054945,0.6868131868131868,0.7280219780219781,0.03590397637957042,85
84,0.9732189178466797,0.14572911887898146,0.07607445716857911,0.023515638902897634,0.01,"(50,)",30,"{'NN__alpha': 0.01, 'NN__hidden_layer_sizes': (50,), 'filter__n': 30}",0.7197802197802198,0.7115384615384616,0.6785714285714286,0.6758241758241759,0.7032967032967034,0.6978021978021978,0.01763385333613319,115
85,1.204371404647827,0.2446182977265407,0.0752793312072754,0.022431188834766524,0.01,"(50,)",35,"{'NN__alpha': 0.01, 'NN__hidden_layer_sizes': (50,), 'filter__n': 35}",0.7032967032967034,0.6483516483516484,0.6813186813186813,0.7225274725274725,0.7142857142857143,0.6939560439560439,0.026669584834091414,121
86,1.3860528469085693,0.46141709450948337,0.07928557395935058,0.022401873389028073,0.01,"(50,)",40,"{'NN__alpha': 0.01, 'NN__hidden_layer_sizes': (50,), 'filter__n': 40}",0.6593406593406593,0.717032967032967,0.6868131868131868,0.6758241758241759,0.6840659340659341,0.6846153846153846,0.018826199669243756,144
87,0.9595018863677979,0.09817209734355596,0.09394078254699707,0.029292976567131552,0.01,"(50,)",45,"{'NN__alpha': 0.01, 'NN__hidden_layer_sizes': (50,), 'filter__n': 45}",0.6373626373626373,0.7087912087912088,0.5934065934065934,0.6483516483516484,0.6730769230769231,0.6521978021978022,0.038288464593811765,193
88,0.9312201023101807,0.11044209597505256,0.06942734718322754,0.015075140744779227,0.01,"(50,)",50,"{'NN__alpha': 0.01, 'NN__hidden_layer_sizes': (50,), 'filter__n': 50}",0.5989010989010989,0.6923076923076923,0.6291208791208791,0.6181318681318682,0.6730769230769231,0.6423076923076924,0.034897680237803125,215
89,0.9734021663665772,0.2149783864103182,0.08668437004089355,0.027487582157231166,0.01,"(50,)",55,"{'NN__alpha': 0.01, 'NN__hidden_layer_sizes': (50,), 'filter__n': 55}",0.5989010989010989,0.6318681318681318,0.6153846153846154,0.5906593406593407,0.6538461538461539,0.6181318681318682,0.022787298190470023,249
90,0.977222490310669,0.220144624018398,0.07128486633300782,0.01345329982677777,0.01,"(50,)",60,"{'NN__alpha': 0.01, 'NN__hidden_layer_sizes': (50,), 'filter__n': 60}",0.6373626373626373,0.6291208791208791,0.5934065934065934,0.6208791208791209,0.5467032967032966,0.6054945054945055,0.032902867959516205,257
91,0.6937682151794433,0.10960744732007707,0.08133249282836914,0.008999084917688164,0.01,"(25,)",2,"{'NN__alpha': 0.01, 'NN__hidden_layer_sizes': (25,), 'filter__n': 2}",0.6703296703296703,0.6263736263736264,0.6043956043956044,0.5851648351648352,0.6428571428571429,0.6258241758241758,0.02960921667100544,234
92,0.9234642505645752,0.14241824505019945,0.09868021011352539,0.025731367799044485,0.01,"(25,)",5,"{'NN__alpha': 0.01, 'NN__hidden_layer_sizes': (25,), 'filter__n': 5}",0.6263736263736264,0.695054945054945,0.6813186813186813,0.6126373626373627,0.6923076923076923,0.6615384615384615,0.0348976802378031,182
93,0.9934365749359131,0.266730558275904,0.09746642112731933,0.02136713658197602,0.01,"(25,)",10,"{'NN__alpha': 0.01, 'NN__hidden_layer_sizes': (25,), 'filter__n': 10}",0.6538461538461539,0.6978021978021978,0.760989010989011,0.717032967032967,0.7142857142857143,0.7087912087912088,0.03453243156586959,111
94,1.1092873096466065,0.16325381891234209,0.07960629463195801,0.01402928780407804,0.01,"(25,)",15,"{'NN__alpha': 0.01, 'NN__hidden_layer_sizes': (25,), 'filter__n': 15}",0.6510989010989011,0.7664835164835165,0.7527472527472527,0.6538461538461539,0.75,0.7148351648351648,0.05123166022391226,104
95,1.086650800704956,0.14639049249863564,0.08100666999816894,0.017254756211170008,0.01,"(25,)",20,"{'NN__alpha': 0.01, 'NN__hidden_layer_sizes': (25,), 'filter__n': 20}",0.6978021978021978,0.5604395604395604,0.739010989010989,0.728021978021978,0.7417582417582418,0.6934065934065934,0.06828677887101335,125
96,0.9478932857513428,0.15181233834217203,0.0823629379272461,0.02662459061024856,0.01,"(25,)",25,"{'NN__alpha': 0.01, 'NN__hidden_layer_sizes': (25,), 'filter__n': 25}",0.7335164835164835,0.771978021978022,0.7087912087912088,0.7307692307692307,0.6923076923076923,0.7274725274725276,0.02688380180818697,89
97,1.030291986465454,0.1463056735577365,0.07714061737060547,0.01987486560870273,0.01,"(25,)",30,"{'NN__alpha': 0.01, 'NN__hidden_layer_sizes': (25,), 'filter__n': 30}",0.6840659340659341,0.7417582417582418,0.6840659340659341,0.6098901098901099,0.6703296703296703,0.6780219780219781,0.04203925112832653,155
98,1.0752752304077149,0.2453437470400659,0.07708754539489746,0.01658307252602194,0.01,"(25,)",35,"{'NN__alpha': 0.01, 'NN__hidden_layer_sizes': (25,), 'filter__n': 35}",0.6785714285714286,0.6813186813186813,0.6868131868131868,0.6346153846153846,0.6840659340659341,0.673076923076923,0.019426010472157917,164
99,1.0438079833984375,0.14999532496586998,0.06982221603393554,0.009138952364769316,0.01,"(25,)",40,"{'NN__alpha': 0.01, 'NN__hidden_layer_sizes': (25,), 'filter__n': 40}",0.6538461538461539,0.6401098901098901,0.7142857142857143,0.6813186813186813,0.5412087912087912,0.6461538461538462,0.0582883910346191,205
100,1.0593015193939208,0.3031157630697484,0.08334383964538575,0.032573325445127206,0.01,"(25,)",45,"{'NN__alpha': 0.01, 'NN__hidden_layer_sizes': (25,), 'filter__n': 45}",0.6593406593406593,0.7307692307692307,0.6510989010989011,0.6208791208791209,0.6538461538461539,0.6631868131868132,0.0363468910077829,181
101,0.9950301647186279,0.08304592006116321,0.07332234382629395,0.01569923455478478,0.01,"(25,)",50,"{'NN__alpha': 0.01, 'NN__hidden_layer_sizes': (25,), 'filter__n': 50}",0.6153846153846154,0.6840659340659341,0.6483516483516484,0.6236263736263736,0.6428571428571429,0.6428571428571429,0.023886884746466105,213
102,0.9310613155364991,0.14333728813326646,0.0675778865814209,0.0100794573418097,0.01,"(25,)",55,"{'NN__alpha': 0.01, 'NN__hidden_layer_sizes': (25,), 'filter__n': 55}",0.6318681318681318,0.6181318681318682,0.6126373626373627,0.5961538461538461,0.6318681318681318,0.6181318681318682,0.013346107474166055,249
103,1.027873706817627,0.12598620295783824,0.09118623733520508,0.032532312981321,0.01,"(25,)",60,"{'NN__alpha': 0.01, 'NN__hidden_layer_sizes': (25,), 'filter__n': 60}",0.6373626373626373,0.5714285714285714,0.6153846153846154,0.5934065934065934,0.6565934065934066,0.6148351648351648,0.030314536756337853,253
104,0.8659947395324707,0.08242456246223603,0.07330632209777832,0.016812448484495125,0.01,"(25, 25)",2,"{'NN__alpha': 0.01, 'NN__hidden_layer_sizes': (25, 25), 'filter__n': 2}",0.6565934065934066,0.6181318681318682,0.5934065934065934,0.5934065934065934,0.6593406593406593,0.6241758241758242,0.029043022607478045,238
105,1.0763649463653564,0.20184582459419695,0.08104023933410645,0.01962414331372681,0.01,"(25, 25)",5,"{'NN__alpha': 0.01, 'NN__hidden_layer_sizes': (25, 25), 'filter__n': 5}",0.6785714285714286,0.6648351648351648,0.7307692307692307,0.6373626373626373,0.7115384615384616,0.6846153846153846,0.033213365405950365,144
106,1.4328004360198974,0.20972879127833047,0.11232800483703613,0.01088428258686947,0.01,"(25, 25)",10,"{'NN__alpha': 0.01, 'NN__hidden_layer_sizes': (25, 25), 'filter__n': 10}",0.7939560439560439,0.8351648351648352,0.782967032967033,0.7857142857142857,0.8406593406593407,0.8076923076923077,0.02499849047489524,27
107,1.3018034458160401,0.34498248560734845,0.10476069450378418,0.04369961911218249,0.01,"(25, 25)",15,"{'NN__alpha': 0.01, 'NN__hidden_layer_sizes': (25, 25), 'filter__n': 15}",0.7857142857142857,0.8791208791208791,0.8159340659340659,0.7692307692307693,0.7802197802197802,0.8060439560439561,0.03968235183575337,29
108,0.9675918579101562,0.14321287676583663,0.07345552444458008,0.02296752441568491,0.01,"(25, 25)",20,"{'NN__alpha': 0.01, 'NN__hidden_layer_sizes': (25, 25), 'filter__n': 20}",0.7472527472527473,0.8434065934065934,0.7774725274725275,0.7912087912087912,0.7445054945054945,0.7807692307692308,0.03600473609979313,42
109,1.191926622390747,0.2275563999436231,0.05763401985168457,0.0005852513771107011,0.01,"(25, 25)",25,"{'NN__alpha': 0.01, 'NN__hidden_layer_sizes': (25, 25), 'filter__n': 25}",0.8406593406593407,0.771978021978022,0.717032967032967,0.760989010989011,0.7692307692307693,0.771978021978022,0.03965952182993097,47
110,1.306772232055664,0.26427345348130427,0.08651556968688964,0.031331351199371464,0.01,"(25, 25)",30,"{'NN__alpha': 0.01, 'NN__hidden_layer_sizes': (25, 25), 'filter__n': 30}",0.7115384615384616,0.7362637362637363,0.728021978021978,0.7472527472527473,0.7774725274725275,0.7401098901098901,0.02201919220825701,71
111,1.1214048862457275,0.20332546227171838,0.09485459327697754,0.026063474888389324,0.01,"(25, 25)",35,"{'NN__alpha': 0.01, 'NN__hidden_layer_sizes': (25, 25), 'filter__n': 35}",0.7417582417582418,0.8076923076923077,0.7142857142857143,0.7335164835164835,0.6675824175824175,0.7329670329670329,0.04535547051316252,77
112,1.2435391426086426,0.14298326895203273,0.12895517349243163,0.05942587191148906,0.01,"(25, 25)",40,"{'NN__alpha': 0.01, 'NN__hidden_layer_sizes': (25, 25), 'filter__n': 40}",0.6785714285714286,0.7087912087912088,0.7032967032967034,0.7032967032967034,0.6648351648351648,0.6917582417582417,0.0170595326332528,132
113,1.2517890453338623,0.5161980322923231,0.12082152366638184,0.04565342760693839,0.01,"(25, 25)",45,"{'NN__alpha': 0.01, 'NN__hidden_layer_sizes': (25, 25), 'filter__n': 45}",0.6538461538461539,0.7527472527472527,0.6703296703296703,0.6593406593406593,0.4835164835164835,0.6439560439560439,0.08787086945803868,211
114,1.0941903114318847,0.11894721329600788,0.09235053062438965,0.027872311108837738,0.01,"(25, 25)",50,"{'NN__alpha': 0.01, 'NN__hidden_layer_sizes': (25, 25), 'filter__n': 50}",0.6538461538461539,0.6538461538461539,0.6538461538461539,0.6785714285714286,0.6785714285714286,0.6637362637362638,0.01211286136541133,179
115,1.32452449798584,0.20039661044256357,0.09594154357910156,0.021475930780225073,0.01,"(25, 25)",55,"{'NN__alpha': 0.01, 'NN__hidden_layer_sizes': (25, 25), 'filter__n': 55}",0.6318681318681318,0.7142857142857143,0.6483516483516484,0.6785714285714286,0.6675824175824175,0.6681318681318682,0.028091918749811477,170
116,0.9432389736175537,0.07588132476739583,0.09272933006286621,0.026898475949688985,0.01,"(25, 25)",60,"{'NN__alpha': 0.01, 'NN__hidden_layer_sizes': (25, 25), 'filter__n': 60}",0.6593406593406593,0.6043956043956044,0.6840659340659341,0.6428571428571429,0.6126373626373627,0.6406593406593407,0.02945587945863783,220
117,1.1253336429595948,0.36112248324251944,0.0977691650390625,0.03267436887649312,0.01,"(100, 25, 100)",2,"{'NN__alpha': 0.01, 'NN__hidden_layer_sizes': (100, 25, 100), 'filter__n': 2}",0.6785714285714286,0.6291208791208791,0.6181318681318682,0.5714285714285714,0.6840659340659341,0.6362637362637363,0.041613398304970316,223
118,1.3391072273254394,0.4549567016116226,0.1140817642211914,0.029136310365340232,0.01,"(100, 25, 100)",5,"{'NN__alpha': 0.01, 'NN__hidden_layer_sizes': (100, 25, 100), 'filter__n': 5}",0.7225274725274725,0.804945054945055,0.7774725274725275,0.5989010989010989,0.695054945054945,0.7197802197802197,0.07184998258583529,101
119,1.8921233654022216,0.5943803412030029,0.0901397705078125,0.018132303999887394,0.01,"(100, 25, 100)",10,"{'NN__alpha': 0.01, 'NN__hidden_layer_sizes': (100, 25, 100), 'filter__n': 10}",0.8104395604395604,0.8516483516483516,0.8241758241758241,0.8571428571428571,0.8571428571428571,0.8401098901098901,0.01922291833465482,10
120,1.4444581031799317,0.2067623668162813,0.10039849281311035,0.024368846736786753,0.01,"(100, 25, 100)",15,"{'NN__alpha': 0.01, 'NN__hidden_layer_sizes': (100, 25, 100), 'filter__n': 15}",0.8571428571428571,0.8571428571428571,0.8763736263736264,0.8681318681318682,0.8543956043956044,0.8626373626373626,0.008332830158298428,3
121,1.6364738941192627,0.2615233188662569,0.10205659866333008,0.025088727989859463,0.01,"(100, 25, 100)",20,"{'NN__alpha': 0.01, 'NN__hidden_layer_sizes': (100, 25, 100), 'filter__n': 20}",0.8791208791208791,0.8681318681318682,0.7967032967032966,0.8653846153846154,0.8626373626373627,0.8543956043956044,0.02938404825740868,7
122,1.6024158954620362,0.2746185034620516,0.10438427925109864,0.04347302695292804,0.01,"(100, 25, 100)",25,"{'NN__alpha': 0.01, 'NN__hidden_layer_sizes': (100, 25, 100), 'filter__n': 25}",0.8434065934065934,0.8159340659340659,0.8131868131868132,0.7747252747252747,0.8131868131868132,0.8120879120879121,0.021881656870043814,22
123,1.650885534286499,0.09262076183135529,0.11455559730529785,0.019599365344520787,0.01,"(100, 25, 100)",30,"{'NN__alpha': 0.01, 'NN__hidden_layer_sizes': (100, 25, 100), 'filter__n': 30}",0.7912087912087912,0.8131868131868132,0.7747252747252747,0.7774725274725275,0.7802197802197802,0.7873626373626373,0.014072800521830428,38
124,1.3392669677734375,0.21150699536440967,0.1173365592956543,0.0415590314381269,0.01,"(100, 25, 100)",35,"{'NN__alpha': 0.01, 'NN__hidden_layer_sizes': (100, 25, 100), 'filter__n': 35}",0.717032967032967,0.782967032967033,0.7417582417582418,0.7554945054945055,0.7252747252747253,0.7445054945054945,0.023375876248552356,64
125,1.4695764064788819,0.1547627796855183,0.10445756912231445,0.03418657237486245,0.01,"(100, 25, 100)",40,"{'NN__alpha': 0.01, 'NN__hidden_layer_sizes': (100, 25, 100), 'filter__n': 40}",0.6510989010989011,0.7582417582417582,0.739010989010989,0.7307692307692307,0.7417582417582418,0.7241758241758242,0.037612288110164455,95
126,1.3044484615325929,0.26502481681809936,0.0828282356262207,0.03393256695929632,0.01,"(100, 25, 100)",45,"{'NN__alpha': 0.01, 'NN__hidden_layer_sizes': (100, 25, 100), 'filter__n': 45}",0.6868131868131868,0.7005494505494505,0.6813186813186813,0.6758241758241759,0.6813186813186813,0.6851648351648352,0.008440819503152286,143
127,1.41752290725708,0.27615729215796064,0.12499699592590333,0.011194004162238804,0.01,"(100, 25, 100)",50,"{'NN__alpha': 0.01, 'NN__hidden_layer_sizes': (100, 25, 100), 'filter__n': 50}",0.6758241758241759,0.7032967032967034,0.6373626373626373,0.6565934065934066,0.6648351648351648,0.6675824175824175,0.021840227378408596,173
128,1.3094311714172364,0.17281528074101024,0.11420640945434571,0.02168127577523978,0.01,"(100, 25, 100)",55,"{'NN__alpha': 0.01, 'NN__hidden_layer_sizes': (100, 25, 100), 'filter__n': 55}",0.6346153846153846,0.7252747252747253,0.6538461538461539,0.6785714285714286,0.6785714285714286,0.6741758241758242,0.03042388615364204,162
129,1.4678351402282714,0.19790033181626765,0.09701886177062988,0.026618294881373777,0.01,"(100, 25, 100)",60,"{'NN__alpha': 0.01, 'NN__hidden_layer_sizes': (100, 25, 100), 'filter__n': 60}",0.6730769230769231,0.7115384615384616,0.6703296703296703,0.6730769230769231,0.7060439560439561,0.6868131868131868,0.01805678761006043,139
130,1.0251152992248536,0.18713684010720927,0.07778429985046387,0.03897375113650629,0.001,"(50, 50)",2,"{'NN__alpha': 0.001, 'NN__hidden_layer_sizes': (50, 50), 'filter__n': 2}",0.6675824175824175,0.6208791208791209,0.6153846153846154,0.5906593406593407,0.6428571428571429,0.6274725274725275,0.02603955079356655,231
131,1.2438669681549073,0.19273152639251442,0.11415324211120606,0.02268590743819168,0.001,"(50, 50)",5,"{'NN__alpha': 0.001, 'NN__hidden_layer_sizes': (50, 50), 'filter__n': 5}",0.7225274725274725,0.7527472527472527,0.7554945054945055,0.7335164835164835,0.7692307692307693,0.7467032967032967,0.016611226876737356,63
132,1.273751401901245,0.2539848948365887,0.12497453689575196,0.04234166483721741,0.001,"(50, 50)",10,"{'NN__alpha': 0.001, 'NN__hidden_layer_sizes': (50, 50), 'filter__n': 10}",0.7527472527472527,0.804945054945055,0.8489010989010989,0.8241758241758241,0.8324175824175825,0.8126373626373626,0.03312234477604733,20
133,1.2449066162109375,0.31024597914041785,0.08053345680236816,0.023815614455806072,0.001,"(50, 50)",15,"{'NN__alpha': 0.001, 'NN__hidden_layer_sizes': (50, 50), 'filter__n': 15}",0.7417582417582418,0.8736263736263736,0.739010989010989,0.8296703296703297,0.8598901098901099,0.8087912087912088,0.05764257406331163,26
134,1.313790512084961,0.28151856494933225,0.09165787696838379,0.023957463308011795,0.001,"(50, 50)",20,"{'NN__alpha': 0.001, 'NN__hidden_layer_sizes': (50, 50), 'filter__n': 20}",0.8791208791208791,0.8681318681318682,0.7637362637362637,0.8159340659340659,0.8461538461538461,0.8346153846153845,0.041497159535163114,12
135,1.2106687068939208,0.305908449861595,0.11084518432617188,0.032677131471419006,0.001,"(50, 50)",25,"{'NN__alpha': 0.001, 'NN__hidden_layer_sizes': (50, 50), 'filter__n': 25}",0.6813186813186813,0.7005494505494505,0.8104395604395604,0.8021978021978022,0.8076923076923077,0.7604395604395604,0.0571375737202447,54
136,1.2007258415222168,0.21454821233007904,0.06623859405517578,0.012871454180837348,0.001,"(50, 50)",30,"{'NN__alpha': 0.001, 'NN__hidden_layer_sizes': (50, 50), 'filter__n': 30}",0.782967032967033,0.75,0.760989010989011,0.7884615384615384,0.782967032967033,0.773076923076923,0.014906219743132457,45
137,1.2247052192687988,0.13288452464657044,0.11824913024902343,0.03454141829763074,0.001,"(50, 50)",35,"{'NN__alpha': 0.001, 'NN__hidden_layer_sizes': (50, 50), 'filter__n': 35}",0.7142857142857143,0.7554945054945055,0.7142857142857143,0.7472527472527473,0.717032967032967,0.7296703296703297,0.01793937111792802,81
138,1.4391088962554932,0.32813285911210166,0.10956397056579589,0.02831205703238256,0.001,"(50, 50)",40,"{'NN__alpha': 0.001, 'NN__hidden_layer_sizes': (50, 50), 'filter__n': 40}",0.7115384615384616,0.717032967032967,0.7005494505494505,0.7335164835164835,0.739010989010989,0.7203296703296703,0.0141583502491485,99
139,1.1063246250152587,0.1301141496880328,0.08918561935424804,0.017858954611081765,0.001,"(50, 50)",45,"{'NN__alpha': 0.001, 'NN__hidden_layer_sizes': (50, 50), 'filter__n': 45}",0.6923076923076923,0.5686813186813187,0.6071428571428571,0.5714285714285714,0.6730769230769231,0.6225274725274726,0.0513258577940956,242
140,1.1825437545776367,0.07827234233358672,0.11723222732543945,0.03238546739578301,0.001,"(50, 50)",50,"{'NN__alpha': 0.001, 'NN__hidden_layer_sizes': (50, 50), 'filter__n': 50}",0.7252747252747253,0.7005494505494505,0.6840659340659341,0.6868131868131868,0.6730769230769231,0.6939560439560439,0.017939371117928007,121
141,1.238721990585327,0.23700565511223673,0.1209322452545166,0.04608871625046621,0.001,"(50, 50)",55,"{'NN__alpha': 0.001, 'NN__hidden_layer_sizes': (50, 50), 'filter__n': 55}",0.6840659340659341,0.7115384615384616,0.6648351648351648,0.6401098901098901,0.5906593406593407,0.6582417582417582,0.04110242683354955,188
142,1.1848862171173096,0.27794726846629625,0.07035884857177735,0.009231247705006237,0.001,"(50, 50)",60,"{'NN__alpha': 0.001, 'NN__hidden_layer_sizes': (50, 50), 'filter__n': 60}",0.6785714285714286,0.6236263736263736,0.6538461538461539,0.6565934065934066,0.6263736263736264,0.6478021978021978,0.020514455717136792,202
143,0.7739791870117188,0.07476741672161834,0.06627287864685058,0.01150158626453785,0.001,"(50,)",2,"{'NN__alpha': 0.001, 'NN__hidden_layer_sizes': (50,), 'filter__n': 2}",0.6785714285714286,0.6263736263736264,0.6208791208791209,0.5879120879120879,0.695054945054945,0.6417582417582418,0.03941517897683725,217
144,0.8590747833251953,0.12302827531732743,0.07880892753601074,0.01283608480737117,0.001,"(50,)",5,"{'NN__alpha': 0.001, 'NN__hidden_layer_sizes': (50,), 'filter__n': 5}",0.6620879120879121,0.6978021978021978,0.6648351648351648,0.6016483516483516,0.7005494505494505,0.6653846153846154,0.03566776344421424,176
145,0.9982813835144043,0.19522359202664788,0.07836203575134278,0.025427305800264928,0.001,"(50,)",10,"{'NN__alpha': 0.001, 'NN__hidden_layer_sizes': (50,), 'filter__n': 10}",0.6510989010989011,0.7664835164835165,0.7637362637362637,0.5879120879120879,0.7005494505494505,0.6939560439560439,0.06819830153550023,121
146,1.190277099609375,0.130358266554587,0.12112898826599121,0.04319541300273562,0.001,"(50,)",15,"{'NN__alpha': 0.001, 'NN__hidden_layer_sizes': (50,), 'filter__n': 15}",0.7335164835164835,0.7939560439560439,0.7692307692307693,0.7527472527472527,0.7967032967032966,0.7692307692307692,0.024138332567570104,51
147,1.0319883346557617,0.2346118230978082,0.07937183380126953,0.012689517453297754,0.001,"(50,)",20,"{'NN__alpha': 0.001, 'NN__hidden_layer_sizes': (50,), 'filter__n': 20}",0.7142857142857143,0.771978021978022,0.7362637362637363,0.739010989010989,0.7115384615384616,0.7346153846153847,0.02174325157957075,74
148,0.9984226703643799,0.21482156697021423,0.07655701637268067,0.02071317230740219,0.001,"(50,)",25,"{'NN__alpha': 0.001, 'NN__hidden_layer_sizes': (50,), 'filter__n': 25}",0.7032967032967034,0.771978021978022,0.7197802197802198,0.7445054945054945,0.6840659340659341,0.7247252747252748,0.030857408971646096,93
149,1.00328369140625,0.1823803764826312,0.08511824607849121,0.021846055783050298,0.001,"(50,)",30,"{'NN__alpha': 0.001, 'NN__hidden_layer_sizes': (50,), 'filter__n': 30}",0.7197802197802198,0.7115384615384616,0.6785714285714286,0.6758241758241759,0.7032967032967034,0.6978021978021978,0.01763385333613319,115
150,0.9386637210845947,0.10493626095567875,0.07715840339660644,0.019222873886276363,0.001,"(50,)",35,"{'NN__alpha': 0.001, 'NN__hidden_layer_sizes': (50,), 'filter__n': 35}",0.7032967032967034,0.6483516483516484,0.6840659340659341,0.7197802197802198,0.7142857142857143,0.6939560439560439,0.02586505999107652,121
151,0.9754273414611816,0.1086459314824029,0.07964630126953125,0.019560680667111353,0.001,"(50,)",40,"{'NN__alpha': 0.001, 'NN__hidden_layer_sizes': (50,), 'filter__n': 40}",0.6593406593406593,0.717032967032967,0.6813186813186813,0.6703296703296703,0.6840659340659341,0.6824175824175823,0.019394903950244836,148
152,1.0528432369232177,0.1979227591942161,0.06595406532287598,0.0118391912861505,0.001,"(50,)",45,"{'NN__alpha': 0.001, 'NN__hidden_layer_sizes': (50,), 'filter__n': 45}",0.6373626373626373,0.7032967032967034,0.5934065934065934,0.6483516483516484,0.6703296703296703,0.6505494505494506,0.03638009968625682,196
153,1.0703065395355225,0.2319313707085352,0.08485603332519531,0.017017569518115637,0.001,"(50,)",50,"{'NN__alpha': 0.001, 'NN__hidden_layer_sizes': (50,), 'filter__n': 50}",0.5989010989010989,0.6895604395604396,0.6181318681318682,0.6016483516483516,0.6703296703296703,0.6357142857142857,0.037208797699641784,224
154,1.1486440181732178,0.20273061906009116,0.07624316215515137,0.02085713399379553,0.001,"(50,)",55,"{'NN__alpha': 0.001, 'NN__hidden_layer_sizes': (50,), 'filter__n': 55}",0.5989010989010989,0.6318681318681318,0.6153846153846154,0.5934065934065934,0.6620879120879121,0.6203296703296703,0.024840999022983104,245
155,0.822166919708252,0.13573923902549717,0.06199650764465332,0.005915011922124641,0.001,"(50,)",60,"{'NN__alpha': 0.001, 'NN__hidden_layer_sizes': (50,), 'filter__n': 60}",0.6373626373626373,0.6291208791208791,0.5934065934065934,0.6208791208791209,0.5467032967032966,0.6054945054945055,0.032902867959516205,257
156,0.7820716381072998,0.03437687145526409,0.06348280906677246,0.009322433197614707,0.001,"(25,)",2,"{'NN__alpha': 0.001, 'NN__hidden_layer_sizes': (25,), 'filter__n': 2}",0.6730769230769231,0.6263736263736264,0.6043956043956044,0.5851648351648352,0.6401098901098901,0.6258241758241758,0.03016478512376002,234
157,0.9197628021240234,0.14721094376426694,0.07568511962890626,0.02090303629093992,0.001,"(25,)",5,"{'NN__alpha': 0.001, 'NN__hidden_layer_sizes': (25,), 'filter__n': 5}",0.6263736263736264,0.695054945054945,0.6813186813186813,0.6126373626373627,0.6923076923076923,0.6615384615384615,0.0348976802378031,182
158,0.9487174034118653,0.13397283300578766,0.09758124351501465,0.027369836495682948,0.001,"(25,)",10,"{'NN__alpha': 0.001, 'NN__hidden_layer_sizes': (25,), 'filter__n': 10}",0.6538461538461539,0.6978021978021978,0.760989010989011,0.6483516483516484,0.7142857142857143,0.695054945054945,0.041482606787201906,118
159,1.0067028999328613,0.1803707134334998,0.07408394813537597,0.018325787565284322,0.001,"(25,)",15,"{'NN__alpha': 0.001, 'NN__hidden_layer_sizes': (25,), 'filter__n': 15}",0.6510989010989011,0.7664835164835165,0.7527472527472527,0.6538461538461539,0.75,0.7148351648351648,0.05123166022391226,104
160,1.0404603004455566,0.15450989828047723,0.08339195251464844,0.011278154222206665,0.001,"(25,)",20,"{'NN__alpha': 0.001, 'NN__hidden_layer_sizes': (25,), 'filter__n': 20}",0.695054945054945,0.5604395604395604,0.739010989010989,0.728021978021978,0.7362637362637363,0.6917582417582417,0.06750419845879264,132
161,0.9048193454742431,0.1355029687087578,0.09115428924560547,0.048782137280660505,0.001,"(25,)",25,"{'NN__alpha': 0.001, 'NN__hidden_layer_sizes': (25,), 'filter__n': 25}",0.7417582417582418,0.7747252747252747,0.7087912087912088,0.7307692307692307,0.6923076923076923,0.7296703296703297,0.028316700498296987,81
162,0.8988913059234619,0.08733135383464967,0.07479186058044433,0.023254983943122393,0.001,"(25,)",30,"{'NN__alpha': 0.001, 'NN__hidden_layer_sizes': (25,), 'filter__n': 30}",0.6868131868131868,0.7417582417582418,0.6840659340659341,0.6098901098901099,0.6703296703296703,0.6785714285714286,0.042132504423474305,154
163,1.1314169883728027,0.19460378782425145,0.07667055130004882,0.01272683955209276,0.001,"(25,)",35,"{'NN__alpha': 0.001, 'NN__hidden_layer_sizes': (25,), 'filter__n': 35}",0.6813186813186813,0.6813186813186813,0.6868131868131868,0.6346153846153846,0.6840659340659341,0.6736263736263736,0.019611613513818422,163
164,0.8812806606292725,0.13086799969683788,0.07234835624694824,0.020540426366358406,0.001,"(25,)",40,"{'NN__alpha': 0.001, 'NN__hidden_layer_sizes': (25,), 'filter__n': 40}",0.6483516483516484,0.6401098901098901,0.7087912087912088,0.6813186813186813,0.5412087912087912,0.643956043956044,0.05690461748296659,208
165,0.9615085601806641,0.11220718583069693,0.08040757179260254,0.01586282665846092,0.001,"(25,)",45,"{'NN__alpha': 0.001, 'NN__hidden_layer_sizes': (25,), 'filter__n': 45}",0.6593406593406593,0.6840659340659341,0.6510989010989011,0.6208791208791209,0.6538461538461539,0.6538461538461539,0.020188102275685533,191
166,0.834559154510498,0.07749435847205725,0.07433319091796875,0.008412688695930828,0.001,"(25,)",50,"{'NN__alpha': 0.001, 'NN__hidden_layer_sizes': (25,), 'filter__n': 50}",0.6153846153846154,0.6868131868131868,0.6510989010989011,0.6236263736263736,0.6428571428571429,0.643956043956044,0.024974325664535182,208
167,0.8416139125823975,0.11009599643932524,0.07704010009765624,0.02612820719997452,0.001,"(25,)",55,"{'NN__alpha': 0.001, 'NN__hidden_layer_sizes': (25,), 'filter__n': 55}",0.6318681318681318,0.6181318681318682,0.6126373626373627,0.5961538461538461,0.6318681318681318,0.6181318681318682,0.013346107474166055,249
168,0.9405296802520752,0.1858087889242885,0.09776191711425782,0.05326353271190523,0.001,"(25,)",60,"{'NN__alpha': 0.001, 'NN__hidden_layer_sizes': (25,), 'filter__n': 60}",0.6373626373626373,0.5714285714285714,0.5906593406593407,0.5934065934065934,0.6538461538461539,0.6093406593406593,0.031003815339925023,256
169,1.0151178359985351,0.2218615144802497,0.07269330024719238,0.015030476329256814,0.001,"(25, 25)",2,"{'NN__alpha': 0.001, 'NN__hidden_layer_sizes': (25, 25), 'filter__n': 2}",0.6565934065934066,0.6153846153846154,0.5906593406593407,0.5934065934065934,0.6593406593406593,0.6230769230769231,0.02976176387681503,240
170,1.1116109371185303,0.17291357363000603,0.07659215927124023,0.012938685364173745,0.001,"(25, 25)",5,"{'NN__alpha': 0.001, 'NN__hidden_layer_sizes': (25, 25), 'filter__n': 5}",0.6785714285714286,0.6703296703296703,0.7197802197802198,0.6538461538461539,0.7225274725274725,0.689010989010989,0.027439540635568728,136
171,1.3105076789855956,0.3326212178482341,0.09474883079528809,0.03775611832021495,0.001,"(25, 25)",10,"{'NN__alpha': 0.001, 'NN__hidden_layer_sizes': (25, 25), 'filter__n': 10}",0.7994505494505495,0.8324175824175825,0.7802197802197802,0.7857142857142857,0.7142857142857143,0.7824175824175824,0.03859474577766143,41
172,1.2170984745025635,0.15731771513414716,0.10513157844543457,0.02332033098264297,0.001,"(25, 25)",15,"{'NN__alpha': 0.001, 'NN__hidden_layer_sizes': (25, 25), 'filter__n': 15}",0.7912087912087912,0.8379120879120879,0.8159340659340659,0.7692307692307693,0.782967032967033,0.7994505494505495,0.02451066815735765,31
173,0.9629723072052002,0.08499095800464591,0.07112417221069336,0.017869249213072484,0.001,"(25, 25)",20,"{'NN__alpha': 0.001, 'NN__hidden_layer_sizes': (25, 25), 'filter__n': 20}",0.7445054945054945,0.8489010989010989,0.7747252747252747,0.804945054945055,0.7445054945054945,0.7835164835164836,0.0396366786744427,40
174,1.1509666919708252,0.22114965868603148,0.09004454612731934,0.033791527913967785,0.001,"(25, 25)",25,"{'NN__alpha': 0.001, 'NN__hidden_layer_sizes': (25, 25), 'filter__n': 25}",0.7417582417582418,0.7637362637362637,0.717032967032967,0.760989010989011,0.7582417582417582,0.7483516483516484,0.017427199480388667,62
175,1.042476511001587,0.13276876472569285,0.06222414970397949,0.011881288555909664,0.001,"(25, 25)",30,"{'NN__alpha': 0.001, 'NN__hidden_layer_sizes': (25, 25), 'filter__n': 30}",0.7115384615384616,0.7362637362637363,0.728021978021978,0.7527472527472527,0.7747252747252747,0.7406593406593407,0.021603959616854396,68
176,1.1741560459136964,0.14518132805627523,0.12577929496765136,0.023438073627344323,0.001,"(25, 25)",35,"{'NN__alpha': 0.001, 'NN__hidden_layer_sizes': (25, 25), 'filter__n': 35}",0.7417582417582418,0.7912087912087912,0.717032967032967,0.7362637362637363,0.6675824175824175,0.7307692307692307,0.03996284955157843,79
177,1.1041221618652344,0.19623168889029663,0.07175416946411133,0.020975635600339645,0.001,"(25, 25)",40,"{'NN__alpha': 0.001, 'NN__hidden_layer_sizes': (25, 25), 'filter__n': 40}",0.6813186813186813,0.7142857142857143,0.7005494505494505,0.7032967032967034,0.6675824175824175,0.6934065934065934,0.01671991654362962,125
178,1.2569637298583984,0.3085470123598825,0.11528687477111817,0.016131618455864766,0.001,"(25, 25)",45,"{'NN__alpha': 0.001, 'NN__hidden_layer_sizes': (25, 25), 'filter__n': 45}",0.6593406593406593,0.760989010989011,0.6675824175824175,0.6565934065934066,0.4835164835164835,0.6456043956043955,0.0898649848010776,206
179,1.1801807880401611,0.21867274148015142,0.0829540729522705,0.023197356546742407,0.001,"(25, 25)",50,"{'NN__alpha': 0.001, 'NN__hidden_layer_sizes': (25, 25), 'filter__n': 50}",0.6675824175824175,0.6538461538461539,0.6538461538461539,0.6785714285714286,0.6868131868131868,0.6681318681318682,0.01316389950627576,170
180,1.2237666130065918,0.24116101012782123,0.11390562057495117,0.034988746040597506,0.001,"(25, 25)",55,"{'NN__alpha': 0.001, 'NN__hidden_layer_sizes': (25, 25), 'filter__n': 55}",0.6318681318681318,0.7032967032967034,0.6483516483516484,0.6593406593406593,0.6620879120879121,0.660989010989011,0.023671054097294548,185
181,0.9866579055786133,0.1329851341033311,0.07091031074523926,0.018783263285624224,0.001,"(25, 25)",60,"{'NN__alpha': 0.001, 'NN__hidden_layer_sizes': (25, 25), 'filter__n': 60}",0.6346153846153846,0.6043956043956044,0.6840659340659341,0.6318681318681318,0.6153846153846154,0.634065934065934,0.02732929695702394,228
182,1.2304580211639404,0.28929873412450074,0.0747563362121582,0.024844574247466562,0.001,"(100, 25, 100)",2,"{'NN__alpha': 0.001, 'NN__hidden_layer_sizes': (100, 25, 100), 'filter__n': 2}",0.6813186813186813,0.6291208791208791,0.6181318681318682,0.5714285714285714,0.6758241758241759,0.6351648351648352,0.04042851019592783,226
183,1.6766935348510743,0.4761809791863218,0.10350532531738281,0.04203556143506221,0.001,"(100, 25, 100)",5,"{'NN__alpha': 0.001, 'NN__hidden_layer_sizes': (100, 25, 100), 'filter__n': 5}",0.7252747252747253,0.804945054945055,0.7582417582417582,0.6016483516483516,0.695054945054945,0.7170329670329669,0.06825140170046334,103
184,1.5785722255706787,0.21609855782931828,0.1255725860595703,0.0250929053390448,0.001,"(100, 25, 100)",10,"{'NN__alpha': 0.001, 'NN__hidden_layer_sizes': (100, 25, 100), 'filter__n': 10}",0.8104395604395604,0.8434065934065934,0.804945054945055,0.8543956043956044,0.8543956043956044,0.8335164835164836,0.021533975760731214,13
185,1.4779999732971192,0.47836382412131323,0.10402212142944336,0.0237923318094211,0.001,"(100, 25, 100)",15,"{'NN__alpha': 0.001, 'NN__hidden_layer_sizes': (100, 25, 100), 'filter__n': 15}",0.8543956043956044,0.8763736263736264,0.8598901098901099,0.8791208791208791,0.8516483516483516,0.8642857142857142,0.011340531560741923,1
186,1.408993673324585,0.2773429030606145,0.09741735458374023,0.012955039492379864,0.001,"(100, 25, 100)",20,"{'NN__alpha': 0.001, 'NN__hidden_layer_sizes': (100, 25, 100), 'filter__n': 20}",0.8928571428571429,0.8543956043956044,0.7967032967032966,0.8763736263736264,0.8406593406593407,0.8521978021978022,0.03303107333008604,8
187,1.6439031600952148,0.1822500122567405,0.11300797462463379,0.03512290228133309,0.001,"(100, 25, 100)",25,"{'NN__alpha': 0.001, 'NN__hidden_layer_sizes': (100, 25, 100), 'filter__n': 25}",0.8489010989010989,0.7994505494505495,0.8104395604395604,0.8104395604395604,0.8186813186813187,0.8175824175824176,0.016809954440415758,15
188,1.5340040683746339,0.29615849634021346,0.10259432792663574,0.011506567870793745,0.001,"(100, 25, 100)",30,"{'NN__alpha': 0.001, 'NN__hidden_layer_sizes': (100, 25, 100), 'filter__n': 30}",0.782967032967033,0.8159340659340659,0.7912087912087912,0.7637362637362637,0.7857142857142857,0.7879120879120879,0.0167919854834463,37
189,1.5632850646972656,0.15079664249920371,0.11271438598632813,0.025706972912304216,0.001,"(100, 25, 100)",35,"{'NN__alpha': 0.001, 'NN__hidden_layer_sizes': (100, 25, 100), 'filter__n': 35}",0.7115384615384616,0.7774725274725275,0.7362637362637363,0.7554945054945055,0.7692307692307693,0.75,0.023760162978505108,61
190,1.2812903881073,0.2735253712558895,0.08823285102844239,0.01946066025809121,0.001,"(100, 25, 100)",40,"{'NN__alpha': 0.001, 'NN__hidden_layer_sizes': (100, 25, 100), 'filter__n': 40}",0.6510989010989011,0.7335164835164835,0.7335164835164835,0.7115384615384616,0.7362637362637363,0.7131868131868132,0.032300963641096844,109
191,1.3968047618865966,0.3689011869942464,0.09925799369812012,0.03900463625743519,0.001,"(100, 25, 100)",45,"{'NN__alpha': 0.001, 'NN__hidden_layer_sizes': (100, 25, 100), 'filter__n': 45}",0.6840659340659341,0.728021978021978,0.6675824175824175,0.6510989010989011,0.6813186813186813,0.6824175824175823,0.02563055777953977,148
192,1.1601922512054443,0.24053052422058724,0.10072436332702636,0.033758991461138234,0.001,"(100, 25, 100)",50,"{'NN__alpha': 0.001, 'NN__hidden_layer_sizes': (100, 25, 100), 'filter__n': 50}",0.6785714285714286,0.7115384615384616,0.6373626373626373,0.6675824175824175,0.6593406593406593,0.6708791208791208,0.024411933946728668,168
193,1.3407112598419189,0.2797363363266208,0.09953608512878417,0.01888441258683563,0.001,"(100, 25, 100)",55,"{'NN__alpha': 0.001, 'NN__hidden_layer_sizes': (100, 25, 100), 'filter__n': 55}",0.6318681318681318,0.717032967032967,0.6785714285714286,0.6730769230769231,0.6730769230769231,0.6747252747252748,0.027007045554823104,160
194,1.2963995933532715,0.16633323415540452,0.10486774444580078,0.00971107018707002,0.001,"(100, 25, 100)",60,"{'NN__alpha': 0.001, 'NN__hidden_layer_sizes': (100, 25, 100), 'filter__n': 60}",0.6648351648351648,0.7032967032967034,0.6703296703296703,0.6620879120879121,0.6813186813186813,0.6763736263736263,0.014987012853830644,159
195,0.9123531341552734,0.16156082642594838,0.09865794181823731,0.01875250313401465,0.0001,"(50, 50)",2,"{'NN__alpha': 0.0001, 'NN__hidden_layer_sizes': (50, 50), 'filter__n': 2}",0.6675824175824175,0.6208791208791209,0.6016483516483516,0.5879120879120879,0.6510989010989011,0.6258241758241758,0.029761763876815027,234
196,1.3619983673095704,0.1495268497427786,0.10819578170776367,0.027106590593982818,0.0001,"(50, 50)",5,"{'NN__alpha': 0.0001, 'NN__hidden_layer_sizes': (50, 50), 'filter__n': 5}",0.7225274725274725,0.760989010989011,0.7554945054945055,0.7417582417582418,0.7774725274725275,0.7516483516483516,0.018519010490497492,59
197,1.2516191005706787,0.15096120137620608,0.08855772018432617,0.021334573953973715,0.0001,"(50, 50)",10,"{'NN__alpha': 0.0001, 'NN__hidden_layer_sizes': (50, 50), 'filter__n': 10}",0.7527472527472527,0.804945054945055,0.8434065934065934,0.8214285714285714,0.8296703296703297,0.8104395604395604,0.03141973286922154,25
198,1.2022236347198487,0.3149427430673554,0.06615171432495118,0.012595600447758573,0.0001,"(50, 50)",15,"{'NN__alpha': 0.0001, 'NN__hidden_layer_sizes': (50, 50), 'filter__n': 15}",0.739010989010989,0.8598901098901099,0.739010989010989,0.8351648351648352,0.8598901098901099,0.8065934065934066,0.05591452410201561,28
199,1.0900922775268556,0.23548099848701626,0.07303767204284668,0.01955314247079105,0.0001,"(50, 50)",20,"{'NN__alpha': 0.0001, 'NN__hidden_layer_sizes': (50, 50), 'filter__n': 20}",0.8846153846153846,0.7692307692307693,0.7637362637362637,0.8131868131868132,0.8461538461538461,0.8153846153846154,0.045917763551156426,17
200,1.2451604366302491,0.4228088039674546,0.10374031066894532,0.042208105643798836,0.0001,"(50, 50)",25,"{'NN__alpha': 0.0001, 'NN__hidden_layer_sizes': (50, 50), 'filter__n': 25}",0.6813186813186813,0.7032967032967034,0.8269230769230769,0.8021978021978022,0.8104395604395604,0.7648351648351648,0.060154171366664545,53
201,1.2742504596710205,0.24841695125827098,0.10080461502075196,0.025608135041373915,0.0001,"(50, 50)",30,"{'NN__alpha': 0.0001, 'NN__hidden_layer_sizes': (50, 50), 'filter__n': 30}",0.8076923076923077,0.7527472527472527,0.7554945054945055,0.7637362637362637,0.782967032967033,0.7725274725274724,0.020514455717136795,46
202,1.1774580955505372,0.2561684025471025,0.09630208015441895,0.03927059441159445,0.0001,"(50, 50)",35,"{'NN__alpha': 0.0001, 'NN__hidden_layer_sizes': (50, 50), 'filter__n': 35}",0.717032967032967,0.7554945054945055,0.7032967032967034,0.7472527472527473,0.717032967032967,0.7280219780219781,0.01988677040753169,85
203,1.3901814460754394,0.23982032447966994,0.09295592308044434,0.025167762810240205,0.0001,"(50, 50)",40,"{'NN__alpha': 0.0001, 'NN__hidden_layer_sizes': (50, 50), 'filter__n': 40}",0.7115384615384616,0.728021978021978,0.7060439560439561,0.7362637362637363,0.7252747252747253,0.7214285714285714,0.011071121801983443,96
204,0.9957248210906983,0.2550288788662291,0.09777946472167968,0.031985990339589904,0.0001,"(50, 50)",45,"{'NN__alpha': 0.0001, 'NN__hidden_layer_sizes': (50, 50), 'filter__n': 45}",0.695054945054945,0.5686813186813187,0.6071428571428571,0.5686813186813187,0.6703296703296703,0.621978021978022,0.0521138712148544,243
205,1.16948561668396,0.17170903098476367,0.10918250083923339,0.016284672151422888,0.0001,"(50, 50)",50,"{'NN__alpha': 0.0001, 'NN__hidden_layer_sizes': (50, 50), 'filter__n': 50}",0.728021978021978,0.7142857142857143,0.6868131868131868,0.6978021978021978,0.6703296703296703,0.6994505494505494,0.020232914988485687,114
206,1.2063342094421388,0.24171703343763304,0.09955205917358398,0.03811349950689431,0.0001,"(50, 50)",55,"{'NN__alpha': 0.0001, 'NN__hidden_layer_sizes': (50, 50), 'filter__n': 55}",0.6868131868131868,0.7115384615384616,0.6675824175824175,0.6346153846153846,0.5906593406593407,0.6582417582417582,0.04211817120161935,188
207,1.1607194900512696,0.15443858840452668,0.07970900535583496,0.02414648884485121,0.0001,"(50, 50)",60,"{'NN__alpha': 0.0001, 'NN__hidden_layer_sizes': (50, 50), 'filter__n': 60}",0.6785714285714286,0.6236263736263736,0.6538461538461539,0.6620879120879121,0.6208791208791209,0.6478021978021978,0.022345823524904128,202
208,0.839084529876709,0.13298658007946967,0.06956772804260254,0.012048859486950836,0.0001,"(50,)",2,"{'NN__alpha': 0.0001, 'NN__hidden_layer_sizes': (50,), 'filter__n': 2}",0.6785714285714286,0.6263736263736264,0.6208791208791209,0.5879120879120879,0.695054945054945,0.6417582417582418,0.03941517897683725,217
209,0.9874236583709717,0.10479220969587315,0.08107581138610839,0.017821064830096947,0.0001,"(50,)",5,"{'NN__alpha': 0.0001, 'NN__hidden_layer_sizes': (50,), 'filter__n': 5}",0.6620879120879121,0.6978021978021978,0.6648351648351648,0.6016483516483516,0.7005494505494505,0.6653846153846154,0.03566776344421424,176
210,0.963881254196167,0.1981073008911548,0.06285090446472168,0.009408737042589562,0.0001,"(50,)",10,"{'NN__alpha': 0.0001, 'NN__hidden_layer_sizes': (50,), 'filter__n': 10}",0.6510989010989011,0.7637362637362637,0.7637362637362637,0.5879120879120879,0.7005494505494505,0.6934065934065934,0.06762037708184727,125
211,1.234675359725952,0.2339842733304835,0.1342461109161377,0.035588149888846565,0.0001,"(50,)",15,"{'NN__alpha': 0.0001, 'NN__hidden_layer_sizes': (50,), 'filter__n': 15}",0.7335164835164835,0.7939560439560439,0.7692307692307693,0.7554945054945055,0.7967032967032966,0.7697802197802197,0.023785561342761934,48
212,0.9231924533843994,0.12387019898258604,0.07892313003540039,0.018609387224402966,0.0001,"(50,)",20,"{'NN__alpha': 0.0001, 'NN__hidden_layer_sizes': (50,), 'filter__n': 20}",0.7142857142857143,0.771978021978022,0.7362637362637363,0.739010989010989,0.7115384615384616,0.7346153846153847,0.02174325157957075,74
213,1.0372711658477782,0.22825761584806947,0.11418290138244629,0.04289440638506182,0.0001,"(50,)",25,"{'NN__alpha': 0.0001, 'NN__hidden_layer_sizes': (50,), 'filter__n': 25}",0.7032967032967034,0.771978021978022,0.7197802197802198,0.7445054945054945,0.6868131868131868,0.7252747252747254,0.03014476203152792,92
214,1.1252073287963866,0.21085037328960873,0.08820867538452148,0.004663787900993165,0.0001,"(50,)",30,"{'NN__alpha': 0.0001, 'NN__hidden_layer_sizes': (50,), 'filter__n': 30}",0.7197802197802198,0.75,0.6785714285714286,0.717032967032967,0.7032967032967034,0.7137362637362639,0.02327232811488721,107
215,0.9698314189910888,0.19535774609831733,0.08969674110412598,0.030303168844695336,0.0001,"(50,)",35,"{'NN__alpha': 0.0001, 'NN__hidden_layer_sizes': (50,), 'filter__n': 35}",0.7032967032967034,0.6483516483516484,0.6785714285714286,0.7197802197802198,0.7142857142857143,0.6928571428571428,0.026373626373626367,131
216,0.970530652999878,0.1811216882041804,0.07627272605895996,0.01155390648433645,0.0001,"(50,)",40,"{'NN__alpha': 0.0001, 'NN__hidden_layer_sizes': (50,), 'filter__n': 40}",0.6620879120879121,0.717032967032967,0.6813186813186813,0.6703296703296703,0.6840659340659341,0.6829670329670329,0.018761946240619654,147
217,0.9913405895233154,0.13159330354192778,0.06815814971923828,0.01569541006353078,0.0001,"(50,)",45,"{'NN__alpha': 0.0001, 'NN__hidden_layer_sizes': (50,), 'filter__n': 45}",0.6401098901098901,0.7060439560439561,0.5934065934065934,0.6483516483516484,0.6648351648351648,0.6505494505494506,0.036504363168951864,196
218,0.8969796657562256,0.12774559558762164,0.083552885055542,0.016274853084035205,0.0001,"(50,)",50,"{'NN__alpha': 0.0001, 'NN__hidden_layer_sizes': (50,), 'filter__n': 50}",0.5989010989010989,0.6895604395604396,0.6181318681318682,0.6016483516483516,0.6703296703296703,0.6357142857142857,0.037208797699641784,224
219,0.9917163848876953,0.12066409461627106,0.0992506504058838,0.019836313891897637,0.0001,"(50,)",55,"{'NN__alpha': 0.0001, 'NN__hidden_layer_sizes': (50,), 'filter__n': 55}",0.5989010989010989,0.6318681318681318,0.6153846153846154,0.5934065934065934,0.6620879120879121,0.6203296703296703,0.024840999022983104,245
220,0.921957540512085,0.16264958494545234,0.0812100887298584,0.01558884488511338,0.0001,"(50,)",60,"{'NN__alpha': 0.0001, 'NN__hidden_layer_sizes': (50,), 'filter__n': 60}",0.6373626373626373,0.6291208791208791,0.5934065934065934,0.6208791208791209,0.5467032967032966,0.6054945054945055,0.032902867959516205,257
221,0.815623140335083,0.08099993143039573,0.06648454666137696,0.012565127389893408,0.0001,"(25,)",2,"{'NN__alpha': 0.0001, 'NN__hidden_layer_sizes': (25,), 'filter__n': 2}",0.6730769230769231,0.6263736263736264,0.6043956043956044,0.5851648351648352,0.6401098901098901,0.6258241758241758,0.03016478512376002,234
222,0.9650619983673095,0.13902492248128712,0.07651557922363281,0.012083278792216316,0.0001,"(25,)",5,"{'NN__alpha': 0.0001, 'NN__hidden_layer_sizes': (25,), 'filter__n': 5}",0.6263736263736264,0.695054945054945,0.6813186813186813,0.6126373626373627,0.6923076923076923,0.6615384615384615,0.0348976802378031,182
223,0.9723559856414795,0.17857698184155124,0.08280777931213379,0.020110719553843033,0.0001,"(25,)",10,"{'NN__alpha': 0.0001, 'NN__hidden_layer_sizes': (25,), 'filter__n': 10}",0.6538461538461539,0.6978021978021978,0.7582417582417582,0.6483516483516484,0.7142857142857143,0.6945054945054945,0.04061476618148643,119
224,1.1231605529785156,0.13458509724521034,0.06512923240661621,0.014824534450653222,0.0001,"(25,)",15,"{'NN__alpha': 0.0001, 'NN__hidden_layer_sizes': (25,), 'filter__n': 15}",0.6510989010989011,0.7664835164835165,0.7527472527472527,0.6538461538461539,0.75,0.7148351648351648,0.05123166022391226,104
225,0.9997302055358886,0.14041695401411342,0.09850854873657226,0.040768671768132245,0.0001,"(25,)",20,"{'NN__alpha': 0.0001, 'NN__hidden_layer_sizes': (25,), 'filter__n': 20}",0.695054945054945,0.5604395604395604,0.739010989010989,0.728021978021978,0.7362637362637363,0.6917582417582417,0.06750419845879264,132
226,1.0279773712158202,0.15157063849448188,0.08185181617736817,0.0193790388643256,0.0001,"(25,)",25,"{'NN__alpha': 0.0001, 'NN__hidden_layer_sizes': (25,), 'filter__n': 25}",0.7335164835164835,0.7747252747252747,0.7087912087912088,0.7307692307692307,0.6923076923076923,0.7280219780219781,0.027800243166315425,85
227,1.0912592887878418,0.07221186011364139,0.07584309577941895,0.018886776926135565,0.0001,"(25,)",30,"{'NN__alpha': 0.0001, 'NN__hidden_layer_sizes': (25,), 'filter__n': 30}",0.6840659340659341,0.7417582417582418,0.6840659340659341,0.6098901098901099,0.6703296703296703,0.6780219780219781,0.04203925112832653,155
228,1.0989064693450927,0.07911285022930822,0.07301063537597656,0.016871634617740876,0.0001,"(25,)",35,"{'NN__alpha': 0.0001, 'NN__hidden_layer_sizes': (25,), 'filter__n': 35}",0.6813186813186813,0.6813186813186813,0.7005494505494505,0.6346153846153846,0.6868131868131868,0.6769230769230768,0.0222917173352756,158
229,1.0193795680999755,0.12396536713775219,0.07794332504272461,0.013217439204735568,0.0001,"(25,)",40,"{'NN__alpha': 0.0001, 'NN__hidden_layer_sizes': (25,), 'filter__n': 40}",0.6483516483516484,0.6401098901098901,0.7087912087912088,0.6813186813186813,0.5412087912087912,0.643956043956044,0.05690461748296659,208
230,0.8922203063964844,0.13745587186020042,0.07751984596252441,0.01156204127537595,0.0001,"(25,)",45,"{'NN__alpha': 0.0001, 'NN__hidden_layer_sizes': (25,), 'filter__n': 45}",0.6593406593406593,0.6840659340659341,0.6510989010989011,0.6208791208791209,0.6538461538461539,0.6538461538461539,0.020188102275685533,191
231,1.1235913276672362,0.10740143588134804,0.0678518295288086,0.012496405352710007,0.0001,"(25,)",50,"{'NN__alpha': 0.0001, 'NN__hidden_layer_sizes': (25,), 'filter__n': 50}",0.6153846153846154,0.6813186813186813,0.6538461538461539,0.6236263736263736,0.6428571428571429,0.6434065934065935,0.023337099540214616,212
232,1.022164249420166,0.19225263712120144,0.07617664337158203,0.019842428667144026,0.0001,"(25,)",55,"{'NN__alpha': 0.0001, 'NN__hidden_layer_sizes': (25,), 'filter__n': 55}",0.6373626373626373,0.6181318681318682,0.6126373626373627,0.5961538461538461,0.6291208791208791,0.6186813186813187,0.014158350249148475,247
233,1.1845590591430664,0.2490007384931618,0.10915188789367676,0.022355174539766695,0.0001,"(25,)",60,"{'NN__alpha': 0.0001, 'NN__hidden_layer_sizes': (25,), 'filter__n': 60}",0.6373626373626373,0.5714285714285714,0.6153846153846154,0.5934065934065934,0.6565934065934066,0.6148351648351648,0.030314536756337853,253
234,0.8963151454925538,0.10297554792459775,0.09439301490783691,0.036093907793926155,0.0001,"(25, 25)",2,"{'NN__alpha': 0.0001, 'NN__hidden_layer_sizes': (25, 25), 'filter__n': 2}",0.6565934065934066,0.6153846153846154,0.5906593406593407,0.5934065934065934,0.6593406593406593,0.6230769230769231,0.02976176387681503,240
235,1.1981127738952637,0.15517761900582178,0.09970879554748535,0.027111922485990012,0.0001,"(25, 25)",5,"{'NN__alpha': 0.0001, 'NN__hidden_layer_sizes': (25, 25), 'filter__n': 5}",0.6785714285714286,0.6703296703296703,0.7197802197802198,0.6510989010989011,0.7115384615384616,0.6862637362637363,0.025736348194792022,140
236,1.325397777557373,0.3211568745487213,0.12211780548095703,0.046866471877911105,0.0001,"(25, 25)",10,"{'NN__alpha': 0.0001, 'NN__hidden_layer_sizes': (25, 25), 'filter__n': 10}",0.7857142857142857,0.8104395604395604,0.782967032967033,0.7582417582417582,0.7060439560439561,0.7686813186813187,0.035412929767740686,52
237,1.2712224006652832,0.20793822422456187,0.13287906646728515,0.029159901420119833,0.0001,"(25, 25)",15,"{'NN__alpha': 0.0001, 'NN__hidden_layer_sizes': (25, 25), 'filter__n': 15}",0.7884615384615384,0.8379120879120879,0.8159340659340659,0.7692307692307693,0.7802197802197802,0.7983516483516484,0.02509491702564667,32
238,1.1371812343597412,0.16789322793667893,0.10131402015686035,0.033641183304278344,0.0001,"(25, 25)",20,"{'NN__alpha': 0.0001, 'NN__hidden_layer_sizes': (25, 25), 'filter__n': 20}",0.75,0.8516483516483516,0.7747252747252747,0.8021978021978022,0.7445054945054945,0.7846153846153847,0.039261692494395255,39
239,1.1447639465332031,0.1930566414628709,0.09549689292907715,0.027672873479157804,0.0001,"(25, 25)",25,"{'NN__alpha': 0.0001, 'NN__hidden_layer_sizes': (25, 25), 'filter__n': 25}",0.7445054945054945,0.7664835164835165,0.717032967032967,0.760989010989011,0.8104395604395604,0.7598901098901099,0.030572368666469354,55
240,1.5062575340270996,0.4647307665325679,0.09749960899353027,0.032716789119028186,0.0001,"(25, 25)",30,"{'NN__alpha': 0.0001, 'NN__hidden_layer_sizes': (25, 25), 'filter__n': 30}",0.7115384615384616,0.7362637362637363,0.728021978021978,0.7554945054945055,0.771978021978022,0.7406593406593407,0.021109200782745655,68
241,1.3763853073120118,0.21602615821876425,0.10083746910095215,0.026691155185044915,0.0001,"(25, 25)",35,"{'NN__alpha': 0.0001, 'NN__hidden_layer_sizes': (25, 25), 'filter__n': 35}",0.7417582417582418,0.7857142857142857,0.717032967032967,0.7307692307692307,0.6675824175824175,0.7285714285714285,0.038201633617074064,84
242,1.5797690868377685,0.22600111774318127,0.08419928550720215,0.011970150741977098,0.0001,"(25, 25)",40,"{'NN__alpha': 0.0001, 'NN__hidden_layer_sizes': (25, 25), 'filter__n': 40}",0.6813186813186813,0.7142857142857143,0.7005494505494505,0.7060439560439561,0.6648351648351648,0.6934065934065934,0.017939371117928045,125
243,1.281799077987671,0.35774317161276226,0.1235541820526123,0.03813096854645495,0.0001,"(25, 25)",45,"{'NN__alpha': 0.0001, 'NN__hidden_layer_sizes': (25, 25), 'filter__n': 45}",0.6593406593406593,0.7527472527472527,0.6703296703296703,0.6620879120879121,0.4835164835164835,0.6456043956043955,0.08811789097463496,206
244,1.3813597202301025,0.33820858016883204,0.0793839931488037,0.021709207408949334,0.0001,"(25, 25)",50,"{'NN__alpha': 0.0001, 'NN__hidden_layer_sizes': (25, 25), 'filter__n': 50}",0.6675824175824175,0.6483516483516484,0.6538461538461539,0.6785714285714286,0.6840659340659341,0.6664835164835166,0.013747248355161322,175
245,1.3306066036224364,0.2353952132926521,0.09979591369628907,0.03344571983975718,0.0001,"(25, 25)",55,"{'NN__alpha': 0.0001, 'NN__hidden_layer_sizes': (25, 25), 'filter__n': 55}",0.6373626373626373,0.7087912087912088,0.6483516483516484,0.6840659340659341,0.6620879120879121,0.6681318681318682,0.025618776322801705,170
246,1.1180583477020263,0.1022066548834631,0.08762202262878419,0.04171519518503299,0.0001,"(25, 25)",60,"{'NN__alpha': 0.0001, 'NN__hidden_layer_sizes': (25, 25), 'filter__n': 60}",0.6565934065934066,0.6043956043956044,0.6785714285714286,0.6373626373626373,0.6153846153846154,0.6384615384615384,0.026951095535012588,221
247,1.4220998287200928,0.3200310282172329,0.07648143768310547,0.022210081331097038,0.0001,"(100, 25, 100)",2,"{'NN__alpha': 0.0001, 'NN__hidden_layer_sizes': (100, 25, 100), 'filter__n': 2}",0.6758241758241759,0.6291208791208791,0.6153846153846154,0.5714285714285714,0.6813186813186813,0.6346153846153847,0.040674187963344516,227
248,1.5512304782867432,0.56003880116195,0.10289702415466309,0.018593144300863836,0.0001,"(100, 25, 100)",5,"{'NN__alpha': 0.0001, 'NN__hidden_layer_sizes': (100, 25, 100), 'filter__n': 5}",0.7225274725274725,0.8076923076923077,0.771978021978022,0.6016483516483516,0.6923076923076923,0.7192307692307691,0.0709493646307326,102
249,1.676652765274048,0.2782216591029772,0.11109490394592285,0.02092986057133557,0.0001,"(100, 25, 100)",10,"{'NN__alpha': 0.0001, 'NN__hidden_layer_sizes': (100, 25, 100), 'filter__n': 10}",0.8296703296703297,0.8461538461538461,0.8269230769230769,0.8489010989010989,0.8516483516483516,0.8406593406593407,0.010279278535093238,9
250,1.539741611480713,0.18168742879268904,0.10491657257080078,0.01425590558248049,0.0001,"(100, 25, 100)",15,"{'NN__alpha': 0.0001, 'NN__hidden_layer_sizes': (100, 25, 100), 'filter__n': 15}",0.8543956043956044,0.8626373626373627,0.8571428571428571,0.8571428571428571,0.8516483516483516,0.8565934065934065,0.0036446426267641996,5
251,1.5277947425842284,0.27993563232624646,0.11234912872314454,0.025191671224504105,0.0001,"(100, 25, 100)",20,"{'NN__alpha': 0.0001, 'NN__hidden_layer_sizes': (100, 25, 100), 'filter__n': 20}",0.8928571428571429,0.8708791208791209,0.7967032967032966,0.8791208791208791,0.8763736263736264,0.8631868131868131,0.034021594682225785,2
252,1.6185243129730225,0.30315789960006356,0.15179343223571778,0.015433791708149578,0.0001,"(100, 25, 100)",25,"{'NN__alpha': 0.0001, 'NN__hidden_layer_sizes': (100, 25, 100), 'filter__n': 25}",0.8269230769230769,0.7994505494505495,0.8104395604395604,0.804945054945055,0.8131868131868132,0.810989010989011,0.009259505245248713,24
253,1.7428856372833252,0.3572384429759084,0.10731816291809082,0.02167995673414059,0.0001,"(100, 25, 100)",30,"{'NN__alpha': 0.0001, 'NN__hidden_layer_sizes': (100, 25, 100), 'filter__n': 30}",0.804945054945055,0.8159340659340659,0.7747252747252747,0.7664835164835165,0.7802197802197802,0.7884615384615384,0.01879410041372204,36
254,1.5502846717834473,0.22555869943733256,0.13631095886230468,0.017428763590971823,0.0001,"(100, 25, 100)",35,"{'NN__alpha': 0.0001, 'NN__hidden_layer_sizes': (100, 25, 100), 'filter__n': 35}",0.7225274725274725,0.7637362637362637,0.7225274725274725,0.739010989010989,0.728021978021978,0.7351648351648352,0.015501907669962503,72
255,1.4594898700714112,0.29320880182124337,0.10033435821533203,0.023664187788235477,0.0001,"(100, 25, 100)",40,"{'NN__alpha': 0.0001, 'NN__hidden_layer_sizes': (100, 25, 100), 'filter__n': 40}",0.6510989010989011,0.760989010989011,0.7417582417582418,0.7142857142857143,0.7362637362637363,0.7208791208791209,0.03793199031668836,98
256,1.419733190536499,0.3265806184999126,0.09410552978515625,0.030054556622862875,0.0001,"(100, 25, 100)",45,"{'NN__alpha': 0.0001, 'NN__hidden_layer_sizes': (100, 25, 100), 'filter__n': 45}",0.6895604395604396,0.7060439560439561,0.6675824175824175,0.6510989010989011,0.6813186813186813,0.679120879120879,0.018745848471683507,153
257,1.3145087718963624,0.3463913721059242,0.07806472778320313,0.015356570986489968,0.0001,"(100, 25, 100)",50,"{'NN__alpha': 0.0001, 'NN__hidden_layer_sizes': (100, 25, 100), 'filter__n': 50}",0.6758241758241759,0.7060439560439561,0.6373626373626373,0.6648351648351648,0.6730769230769231,0.6714285714285714,0.02201919220825704,167
258,1.2993178367614746,0.20050200959064896,0.0997187614440918,0.02608382963331473,0.0001,"(100, 25, 100)",55,"{'NN__alpha': 0.0001, 'NN__hidden_layer_sizes': (100, 25, 100), 'filter__n': 55}",0.6291208791208791,0.7197802197802198,0.6703296703296703,0.6758241758241759,0.6785714285714286,0.6747252747252748,0.02879246704741517,160
259,1.7154021739959717,0.2956125268539279,0.10680646896362304,0.028921156130814536,0.0001,"(100, 25, 100)",60,"{'NN__alpha': 0.0001, 'NN__hidden_layer_sizes': (100, 25, 100), 'filter__n': 60}",0.6675824175824175,0.695054945054945,0.6703296703296703,0.6675824175824175,0.6978021978021978,0.6796703296703296,0.01374724835516133,152
